date,spot,ticker,strike,expiry,dte,years_to_expiry,moneyness,target_moneyness,target_dte,option_type,close,volume
2026-01-15,692.24,O:SPY260213P00692000,692.0,2026-02-13,29,0.0793976728268309,0.9996532994337224,1.0,30,put,9.22,87
2026-01-15,692.24,O:SPY260213C00692000,692.0,2026-02-13,29,0.0793976728268309,0.9996532994337224,1.0,30,call,11.22,188
2026-01-15,692.24,O:SPY260213P00659000,659.0,2026-02-13,29,0.0793976728268309,0.9519819715705536,0.95,30,put,2.81,52
2026-01-15,692.24,O:SPY260213C00760000,760.0,2026-02-13,29,0.0793976728268309,1.0978851265457066,1.1,30,call,0.04,129
2026-01-15,692.24,O:SPY260213C00725000,725.0,2026-02-13,29,0.0793976728268309,1.0473246272968912,1.05,30,call,0.5,201
2026-01-15,692.24,O:SPY260213P00625000,625.0,2026-02-13,29,0.0793976728268309,0.9028660580145614,0.9,30,put,1.05,204
2026-01-15,692.24,O:SPY260417C00760000,760.0,2026-04-17,92,0.2518822724161533,1.0978851265457066,1.1,90,call,1.0,49
2026-01-15,692.24,O:SPY260417C00725000,725.0,2026-04-17,92,0.2518822724161533,1.0473246272968912,1.05,90,call,6.45,96
2026-01-15,692.24,O:SPY260417P00625000,625.0,2026-04-17,92,0.2518822724161533,0.9028660580145614,0.9,90,put,5.71,607
2026-01-15,692.24,O:SPY260417C00690000,690.0,2026-04-17,92,0.2518822724161533,0.9967641280480758,1.0,90,call,24.07,316
2026-01-15,692.24,O:SPY260417P00690000,690.0,2026-04-17,92,0.2518822724161533,0.9967641280480758,1.0,90,put,17.07,794
2026-01-15,692.24,O:SPY260417P00660000,660.0,2026-04-17,92,0.2518822724161533,0.9534265572633768,0.95,90,put,9.96,178
2026-01-15,692.24,O:SPY260320C00795000,795.0,2026-03-20,64,0.1752224503764544,1.148445625794522,1.15,60,call,0.07,27
2026-01-15,692.24,O:SPY260320C00760000,760.0,2026-03-20,64,0.1752224503764544,1.0978851265457066,1.1,60,call,0.37,421
2026-01-15,692.24,O:SPY260320P00590000,590.0,2026-03-20,64,0.1752224503764544,0.852305558765746,0.85,60,put,1.94,145
2026-01-15,692.24,O:SPY260320C00725000,725.0,2026-03-20,64,0.1752224503764544,1.0473246272968912,1.05,60,call,3.58,524
2026-01-15,692.24,O:SPY260320P00725000,725.0,2026-03-20,64,0.1752224503764544,1.0473246272968912,1.05,60,put,33.75,200
2026-01-15,692.24,O:SPY260320P00625000,625.0,2026-03-20,64,0.1752224503764544,0.9028660580145614,0.9,60,put,3.59,3719
2026-01-15,692.24,O:SPY260320C00690000,690.0,2026-03-20,64,0.1752224503764544,0.9967641280480758,1.0,60,call,20.02,1102
2026-01-15,692.24,O:SPY260320P00690000,690.0,2026-03-20,64,0.1752224503764544,0.9967641280480758,1.0,60,put,13.69,2214
2026-01-15,692.24,O:SPY260320P00660000,660.0,2026-03-20,64,0.1752224503764544,0.9534265572633768,0.95,60,put,6.96,2120
2026-01-15,692.24,O:SPY260320C00660000,660.0,2026-03-20,64,0.1752224503764544,0.9534265572633768,0.95,60,call,43.05,28
2026-01-16,691.66,O:SPY260417C00760000,760.0,2026-04-17,91,0.2491444216290212,1.0988057716218953,1.1,90,call,0.92,28
2026-01-16,691.66,O:SPY260417C00725000,725.0,2026-04-17,91,0.2491444216290212,1.048202874244571,1.05,90,call,6.29,86
2026-01-16,691.66,O:SPY260417C00690000,690.0,2026-04-17,91,0.2491444216290212,0.997599976867247,1.0,90,call,23.89,548
2026-01-16,691.66,O:SPY260417P00690000,690.0,2026-04-17,91,0.2491444216290212,0.997599976867247,1.0,90,put,17.45,698
2026-01-16,691.66,O:SPY260417P00655000,655.0,2026-04-17,91,0.2491444216290212,0.9469970794899228,0.95,90,put,9.26,78
2026-01-16,691.66,O:SPY260417P00590000,590.0,2026-04-17,91,0.2491444216290212,0.8530202700748923,0.85,90,put,3.4,37
2026-01-16,691.66,O:SPY260213P00692000,692.0,2026-02-13,28,0.0766598220396988,1.0004915710030942,1.0,30,put,9.05,1887
2026-01-16,691.66,O:SPY260213C00692000,692.0,2026-02-13,28,0.0766598220396988,1.0004915710030942,1.0,30,call,10.75,716
2026-01-16,691.66,O:SPY260417P00620000,620.0,2026-04-17,91,0.2491444216290212,0.8963941821125987,0.9,90,put,5.28,114
2026-01-16,691.66,O:SPY260213C00725000,725.0,2026-02-13,28,0.0766598220396988,1.048202874244571,1.05,30,call,0.39,958
2026-01-16,691.66,O:SPY260213P00659000,659.0,2026-02-13,28,0.0766598220396988,0.9527802677616172,0.95,30,put,2.69,78
2026-01-16,691.66,O:SPY260213P00620000,620.0,2026-02-13,28,0.0766598220396988,0.8963941821125987,0.9,30,put,0.83,157
2026-01-16,691.66,O:SPY260320C00760000,760.0,2026-03-20,63,0.1724845995893223,1.0988057716218953,1.1,60,call,0.3,128
2026-01-16,691.66,O:SPY260320P00725000,725.0,2026-03-20,63,0.1724845995893223,1.048202874244571,1.05,60,put,32.83,53
2026-01-16,691.66,O:SPY260320C00725000,725.0,2026-03-20,63,0.1724845995893223,1.048202874244571,1.05,60,call,3.33,220
2026-01-16,691.66,O:SPY260320P00690000,690.0,2026-03-20,63,0.1724845995893223,0.997599976867247,1.0,60,put,13.98,8645
2026-01-16,691.66,O:SPY260320C00690000,690.0,2026-03-20,63,0.1724845995893223,0.997599976867247,1.0,60,call,19.56,930
2026-01-16,691.66,O:SPY260320P00655000,655.0,2026-03-20,63,0.1724845995893223,0.9469970794899228,0.95,60,put,6.5,1391
2026-01-16,691.66,O:SPY260320C00590000,590.0,2026-03-20,63,0.1724845995893223,0.8530202700748923,0.85,60,call,108.63,25
2026-01-16,691.66,O:SPY260320P00590000,590.0,2026-03-20,63,0.1724845995893223,0.8530202700748923,0.85,60,put,1.95,204
2026-01-16,691.66,O:SPY260320P00620000,620.0,2026-03-20,63,0.1724845995893223,0.8963941821125987,0.9,60,put,3.25,1011
2026-01-20,677.58,O:SPY260220P00610000,610.0,2026-02-20,31,0.0848733744010951,0.9002626996074263,0.9,30,put,1.96,6242
2026-01-20,677.58,O:SPY260320P00610000,610.0,2026-03-20,59,0.1615331964407939,0.9002626996074263,0.9,60,put,4.42,1081
2026-01-20,677.58,O:SPY260220C00610000,610.0,2026-02-20,31,0.0848733744010951,0.9002626996074263,0.9,30,call,71.48,241
2026-01-20,677.58,O:SPY260320C00610000,610.0,2026-03-20,59,0.1615331964407939,0.9002626996074263,0.9,60,call,75.5,58
2026-01-20,677.58,O:SPY260220P00644000,644.0,2026-02-20,31,0.0848733744010951,0.9504412763068568,0.95,30,put,4.51,9992
2026-01-20,677.58,O:SPY260220C00745000,745.0,2026-02-20,31,0.0848733744010951,1.099501165913988,1.1,30,call,0.06,1376
2026-01-20,677.58,O:SPY260320C00745000,745.0,2026-03-20,59,0.1615331964407939,1.099501165913988,1.1,60,call,0.37,876
2026-01-20,677.58,O:SPY260220C00678000,678.0,2026-02-20,31,0.0848733744010951,1.000619853006287,1.0,30,call,14.32,2827
2026-01-20,677.58,O:SPY260220P00678000,678.0,2026-02-20,31,0.0848733744010951,1.000619853006287,1.0,30,put,11.82,806
2026-01-20,677.58,O:SPY260220C00711000,711.0,2026-02-20,31,0.0848733744010951,1.0493225892145577,1.05,30,call,1.17,674
2026-01-20,677.58,O:SPY260220C00780000,780.0,2026-02-20,31,0.0848733744010951,1.151155583104578,1.15,30,call,0.02,1006
2026-01-20,677.58,O:SPY260320C00780000,780.0,2026-03-20,59,0.1615331964407939,1.151155583104578,1.15,60,call,0.07,282
2026-01-20,677.58,O:SPY260220P00575000,575.0,2026-02-20,31,0.0848733744010951,0.8486082824168364,0.85,30,put,1.01,1459
2026-01-20,677.58,O:SPY260320P00575000,575.0,2026-03-20,59,0.1615331964407939,0.8486082824168364,0.85,60,put,2.61,120
2026-01-20,677.58,O:SPY260320P00645000,645.0,2026-03-20,59,0.1615331964407939,0.9519171167980164,0.95,60,put,8.67,3013
2026-01-20,677.58,O:SPY260320C00645000,645.0,2026-03-20,59,0.1615331964407939,0.9519171167980164,0.95,60,call,44.85,32
2026-01-20,677.58,O:SPY260320P00710000,710.0,2026-03-20,59,0.1615331964407939,1.047846748723398,1.05,60,put,34.44,131
2026-01-20,677.58,O:SPY260320C00710000,710.0,2026-03-20,59,0.1615331964407939,1.047846748723398,1.05,60,call,4.6,3739
2026-01-20,677.58,O:SPY260320C00680000,680.0,2026-03-20,59,0.1615331964407939,1.0035715339886064,1.0,60,call,18.81,2767
2026-01-20,677.58,O:SPY260320P00680000,680.0,2026-03-20,59,0.1615331964407939,1.0035715339886064,1.0,60,put,16.91,9413
2026-01-20,677.58,O:SPY260417P00610000,610.0,2026-04-17,87,0.2381930184804928,0.9002626996074263,0.9,90,put,6.68,640
2026-01-20,677.58,O:SPY260417C00745000,745.0,2026-04-17,87,0.2381930184804928,1.099501165913988,1.1,90,call,1.15,55
2026-01-20,677.58,O:SPY260417C00780000,780.0,2026-04-17,87,0.2381930184804928,1.151155583104578,1.15,90,call,0.18,171
2026-01-20,677.58,O:SPY260417P00575000,575.0,2026-04-17,87,0.2381930184804928,0.8486082824168364,0.85,90,put,4.1,1442
2026-01-20,677.58,O:SPY260417P00645000,645.0,2026-04-17,87,0.2381930184804928,0.9519171167980164,0.95,90,put,11.67,185
2026-01-20,677.58,O:SPY260417C00710000,710.0,2026-04-17,87,0.2381930184804928,1.047846748723398,1.05,90,call,7.71,1479
2026-01-20,677.58,O:SPY260417C00680000,680.0,2026-04-17,87,0.2381930184804928,1.0035715339886064,1.0,90,call,23.1,367
2026-01-20,677.58,O:SPY260417P00680000,680.0,2026-04-17,87,0.2381930184804928,1.0035715339886064,1.0,90,put,20.5,776
2026-01-21,685.4,O:SPY260220P00651000,651.0,2026-02-20,30,0.082135523613963,0.9498103297344616,0.95,30,put,3.12,531
2026-01-21,685.4,O:SPY260220C00720000,720.0,2026-02-20,30,0.082135523613963,1.050481470674059,1.05,30,call,0.65,5268
2026-01-21,685.4,O:SPY260220P00720000,720.0,2026-02-20,30,0.082135523613963,1.050481470674059,1.05,30,put,34.22,110
2026-01-21,685.4,O:SPY260220C00685000,685.0,2026-02-20,30,0.082135523613963,0.9994163991829588,1.0,30,call,13.1,7585
2026-01-21,685.4,O:SPY260220P00685000,685.0,2026-02-20,30,0.082135523613963,0.9994163991829588,1.0,30,put,9.67,7389
2026-01-21,685.4,O:SPY260220C00755000,755.0,2026-02-20,30,0.082135523613963,1.1015465421651591,1.1,30,call,0.05,120
2026-01-21,685.4,O:SPY260220P00615000,615.0,2026-02-20,30,0.082135523613963,0.8972862562007587,0.9,30,put,1.2,2685
2026-01-21,685.4,O:SPY260220P00585000,585.0,2026-02-20,30,0.082135523613963,0.8535161949226729,0.85,30,put,0.67,743
2026-01-21,685.4,O:SPY260320P00651000,651.0,2026-03-20,58,0.1587953456536618,0.9498103297344616,0.95,60,put,6.66,428
2026-01-21,685.4,O:SPY260320P00720000,720.0,2026-03-20,58,0.1587953456536618,1.050481470674059,1.05,60,put,35.2,62
2026-01-21,685.4,O:SPY260320C00720000,720.0,2026-03-20,58,0.1587953456536618,1.050481470674059,1.05,60,call,3.12,3819
2026-01-21,685.4,O:SPY260320P00685000,685.0,2026-03-20,58,0.1587953456536618,0.9994163991829588,1.0,60,put,14.35,9946
2026-01-21,685.4,O:SPY260320C00685000,685.0,2026-03-20,58,0.1587953456536618,0.9994163991829588,1.0,60,call,18.87,9957
2026-01-21,685.4,O:SPY260320C00755000,755.0,2026-03-20,58,0.1587953456536618,1.1015465421651591,1.1,60,call,0.33,82
2026-01-21,685.4,O:SPY260320C00790000,790.0,2026-03-20,58,0.1587953456536618,1.1526116136562592,1.15,60,call,0.06,503
2026-01-21,685.4,O:SPY260320C00615000,615.0,2026-03-20,58,0.1587953456536618,0.8972862562007587,0.9,60,call,78.7,41
2026-01-21,685.4,O:SPY260320P00615000,615.0,2026-03-20,58,0.1587953456536618,0.8972862562007587,0.9,60,put,3.09,817
2026-01-21,685.4,O:SPY260320P00585000,585.0,2026-03-20,58,0.1587953456536618,0.8535161949226729,0.85,60,put,1.87,300
2026-01-21,685.4,O:SPY260417C00720000,720.0,2026-04-17,86,0.2354551676933607,1.050481470674059,1.05,90,call,5.85,527
2026-01-21,685.4,O:SPY260417C00685000,685.0,2026-04-17,86,0.2354551676933607,0.9994163991829588,1.0,90,call,22.93,777
2026-01-21,685.4,O:SPY260417P00685000,685.0,2026-04-17,86,0.2354551676933607,0.9994163991829588,1.0,90,put,17.6,1155
2026-01-21,685.4,O:SPY260417P00615000,615.0,2026-04-17,86,0.2354551676933607,0.8972862562007587,0.9,90,put,5.22,290
2026-01-21,685.4,O:SPY260417P00585000,585.0,2026-04-17,86,0.2354551676933607,0.8535161949226729,0.85,90,put,3.24,604
2026-01-22,688.98,O:SPY260220C00689000,689.0,2026-02-20,29,0.0793976728268309,1.000029028418822,1.0,30,call,11.42,1228
2026-01-22,688.98,O:SPY260220P00689000,689.0,2026-02-20,29,0.0793976728268309,1.000029028418822,1.0,30,put,9.33,610
2026-01-22,688.98,O:SPY260220P00620000,620.0,2026-02-20,29,0.0793976728268309,0.8998809834828296,0.9,30,put,0.91,6118
2026-01-22,688.98,O:SPY260220P00655000,655.0,2026-02-20,29,0.0793976728268309,0.9506807164213764,0.95,30,put,2.59,29190
2026-01-22,688.98,O:SPY260220P00585000,585.0,2026-02-20,29,0.0793976728268309,0.8490812505442829,0.85,30,put,0.42,92
2026-01-22,688.98,O:SPY260220C00725000,725.0,2026-02-20,29,0.0793976728268309,1.0522801822984702,1.05,30,call,0.39,706
2026-01-22,688.98,O:SPY260220P00725000,725.0,2026-02-20,29,0.0793976728268309,1.0522801822984702,1.05,30,put,34.79,51
2026-01-22,688.98,O:SPY260220C00790000,790.0,2026-02-20,29,0.0793976728268309,1.1466225434700572,1.15,30,call,0.02,101
2026-01-22,688.98,O:SPY260320C00689000,689.0,2026-03-20,57,0.1560574948665297,1.000029028418822,1.0,60,call,17.33,64
2026-01-22,688.98,O:SPY260320P00689000,689.0,2026-03-20,57,0.1560574948665297,1.000029028418822,1.0,60,put,13.89,328
2026-01-22,688.98,O:SPY260320P00620000,620.0,2026-03-20,57,0.1560574948665297,0.8998809834828296,0.9,60,put,2.84,1586
2026-01-22,688.98,O:SPY260320P00655000,655.0,2026-03-20,57,0.1560574948665297,0.9506807164213764,0.95,60,put,6.02,1983
2026-01-22,688.98,O:SPY260320C00655000,655.0,2026-03-20,57,0.1560574948665297,0.9506807164213764,0.95,60,call,43.65,31
2026-01-22,688.98,O:SPY260320P00585000,585.0,2026-03-20,57,0.1560574948665297,0.8490812505442829,0.85,60,put,1.49,1362
2026-01-22,688.98,O:SPY260320C00725000,725.0,2026-03-20,57,0.1560574948665297,1.0522801822984702,1.05,60,call,2.43,2363
2026-01-22,688.98,O:SPY260320C00760000,760.0,2026-03-20,57,0.1560574948665297,1.103079915237017,1.1,60,call,0.24,109
2026-01-22,688.98,O:SPY260417P00689000,689.0,2026-04-17,85,0.2327173169062286,1.000029028418822,1.0,90,put,17.09,27
2026-01-22,688.98,O:SPY260417C00689000,689.0,2026-04-17,85,0.2327173169062286,1.000029028418822,1.0,90,call,21.87,60
2026-01-22,688.98,O:SPY260417P00620000,620.0,2026-04-17,85,0.2327173169062286,0.8998809834828296,0.9,90,put,4.87,218
2026-01-22,688.98,O:SPY260417P00655000,655.0,2026-04-17,85,0.2327173169062286,0.9506807164213764,0.95,90,put,8.97,498
2026-01-22,688.98,O:SPY260417P00585000,585.0,2026-04-17,85,0.2327173169062286,0.8490812505442829,0.85,90,put,2.83,159
2026-01-22,688.98,O:SPY260417C00725000,725.0,2026-04-17,85,0.2327173169062286,1.0522801822984702,1.05,90,call,4.98,428
2026-01-23,689.23,O:SPY260220P00689000,689.0,2026-02-20,28,0.0766598220396988,0.9996662942704176,1.0,30,put,9.31,3948
2026-01-23,689.23,O:SPY260220C00689000,689.0,2026-02-20,28,0.0766598220396988,0.9996662942704176,1.0,30,call,10.91,3361
2026-01-23,689.23,O:SPY260220P00655000,655.0,2026-02-20,28,0.0766598220396988,0.9503358820712968,0.95,30,put,2.69,12209
2026-01-23,689.23,O:SPY260220P00620000,620.0,2026-02-20,28,0.0766598220396988,0.8995545753957315,0.9,30,put,0.95,461
2026-01-23,689.23,O:SPY260220P00585000,585.0,2026-02-20,28,0.0766598220396988,0.848773268720166,0.85,30,put,0.45,1613
2026-01-23,689.23,O:SPY260220C00725000,725.0,2026-02-20,28,0.0766598220396988,1.051898495422428,1.05,30,call,0.32,2043
2026-01-23,689.23,O:SPY260320P00689000,689.0,2026-03-20,56,0.1533196440793976,0.9996662942704176,1.0,60,put,14.06,1033
2026-01-23,689.23,O:SPY260320C00689000,689.0,2026-03-20,56,0.1533196440793976,0.9996662942704176,1.0,60,call,17.01,343
2026-01-23,689.23,O:SPY260320P00655000,655.0,2026-03-20,56,0.1533196440793976,0.9503358820712968,0.95,60,put,6.16,710
2026-01-23,689.23,O:SPY260320P00620000,620.0,2026-03-20,56,0.1533196440793976,0.8995545753957315,0.9,60,put,2.87,420
2026-01-23,689.23,O:SPY260320P00585000,585.0,2026-03-20,56,0.1533196440793976,0.848773268720166,0.85,60,put,1.52,879
2026-01-23,689.23,O:SPY260320C00725000,725.0,2026-03-20,56,0.1533196440793976,1.051898495422428,1.05,60,call,2.31,1376
2026-01-23,689.23,O:SPY260320C00760000,760.0,2026-03-20,56,0.1533196440793976,1.102679802097993,1.1,60,call,0.2,3067
2026-01-23,689.23,O:SPY260417P00689000,689.0,2026-04-17,84,0.2299794661190965,0.9996662942704176,1.0,90,put,17.34,80
2026-01-23,689.23,O:SPY260417P00655000,655.0,2026-04-17,84,0.2299794661190965,0.9503358820712968,0.95,90,put,9.02,1296
2026-01-23,689.23,O:SPY260417C00655000,655.0,2026-04-17,84,0.2299794661190965,0.9503358820712968,0.95,90,call,48.34,45
2026-01-23,689.23,O:SPY260417P00620000,620.0,2026-04-17,84,0.2299794661190965,0.8995545753957315,0.9,90,put,5.13,609
2026-01-23,689.23,O:SPY260417P00585000,585.0,2026-04-17,84,0.2299794661190965,0.848773268720166,0.85,90,put,2.84,190
2026-01-23,689.23,O:SPY260417C00725000,725.0,2026-04-17,84,0.2299794661190965,1.051898495422428,1.05,90,call,4.87,65
2026-01-23,689.23,O:SPY260417C00760000,760.0,2026-04-17,84,0.2299794661190965,1.102679802097993,1.1,90,call,0.68,270
2026-01-26,692.73,O:SPY260227P00658000,658.0,2026-02-27,32,0.0876112251882272,0.9498650267781098,0.95,30,put,2.87,86
2026-01-26,692.73,O:SPY260227P00589000,589.0,2026-02-27,32,0.0876112251882272,0.8502591197147518,0.85,30,put,0.56,51
2026-01-26,692.73,O:SPY260227C00693000,693.0,2026-02-27,32,0.0876112251882272,1.0003897622450304,1.0,30,call,12.13,750
2026-01-26,692.73,O:SPY260227P00693000,693.0,2026-02-27,32,0.0876112251882272,1.0003897622450304,1.0,30,put,10.03,618
2026-01-26,692.73,O:SPY260227C00727000,727.0,2026-02-27,32,0.0876112251882272,1.0494709338414678,1.05,30,call,0.73,29
2026-01-26,692.73,O:SPY260430P00658000,658.0,2026-04-30,94,0.2573579739904175,0.9498650267781098,0.95,90,put,9.9,51
2026-01-26,692.73,O:SPY260430P00693000,693.0,2026-04-30,94,0.2573579739904175,1.0003897622450304,1.0,90,put,18.75,332
2026-01-26,692.73,O:SPY260331P00693000,693.0,2026-03-31,64,0.1752224503764544,1.0003897622450304,1.0,60,put,14.98,167
2026-01-26,692.73,O:SPY260331C00693000,693.0,2026-03-31,64,0.1752224503764544,1.0003897622450304,1.0,60,call,18.12,159
2026-01-26,692.73,O:SPY260430C00760000,760.0,2026-04-30,94,0.2573579739904175,1.0971085415674215,1.1,90,call,1.32,26
2026-01-26,692.73,O:SPY260331C00760000,760.0,2026-03-31,64,0.1752224503764544,1.0971085415674215,1.1,60,call,0.39,60
2026-01-26,692.73,O:SPY260731P00693000,693.0,2026-07-31,186,0.5092402464065708,1.0003897622450304,1.0,180,put,27.17,50
2026-01-27,695.49,O:SPY260227P00626000,626.0,2026-02-27,31,0.0848733744010951,0.9000848322765245,0.9,30,put,1.16,114
2026-01-27,695.49,O:SPY260227C00730000,730.0,2026-02-27,31,0.0848733744010951,1.0496196925908352,1.05,30,call,0.7,2770
2026-01-27,695.49,O:SPY260227P00730000,730.0,2026-02-27,31,0.0848733744010951,1.0496196925908352,1.05,30,put,34.5,60
2026-01-27,695.49,O:SPY260227P00661000,661.0,2026-02-27,31,0.0848733744010951,0.9504090641130714,0.95,30,put,3.07,144
2026-01-27,695.49,O:SPY260227C00695000,695.0,2026-02-27,31,0.0848733744010951,0.9992954607542884,1.0,30,call,12.37,815
2026-01-27,695.49,O:SPY260227P00695000,695.0,2026-02-27,31,0.0848733744010951,0.9992954607542884,1.0,30,put,9.56,1208
2026-01-27,695.49,O:SPY260430C00765000,765.0,2026-04-30,93,0.2546201232032854,1.099943924427382,1.1,90,call,1.21,39
2026-01-27,695.49,O:SPY260331C00765000,765.0,2026-03-31,63,0.1724845995893223,1.099943924427382,1.1,60,call,0.37,37
2026-01-27,695.49,O:SPY260430C00730000,730.0,2026-04-30,93,0.2546201232032854,1.0496196925908352,1.05,90,call,6.84,28
2026-01-27,695.49,O:SPY260331C00730000,730.0,2026-03-31,63,0.1724845995893223,1.0496196925908352,1.05,60,call,3.19,240
2026-01-27,695.49,O:SPY260430P00695000,695.0,2026-04-30,93,0.2546201232032854,0.9992954607542884,1.0,90,put,18.6,57
2026-01-27,695.49,O:SPY260331P00695000,695.0,2026-03-31,63,0.1724845995893223,0.9992954607542884,1.0,60,put,14.74,385
2026-01-27,695.49,O:SPY260331C00695000,695.0,2026-03-31,63,0.1724845995893223,0.9992954607542884,1.0,60,call,18.57,145
2026-01-27,695.49,O:SPY260430C00695000,695.0,2026-04-30,93,0.2546201232032854,0.9992954607542884,1.0,90,call,24.11,108
2026-01-27,695.49,O:SPY260331P00590000,590.0,2026-03-31,63,0.1724845995893223,0.8483227652446477,0.85,60,put,1.92,75188
2026-01-27,695.49,O:SPY260430P00590000,590.0,2026-04-30,93,0.2546201232032854,0.8483227652446477,0.85,90,put,3.46,53
2026-01-27,695.49,O:SPY260731C00730000,730.0,2026-07-31,185,0.5065023956194388,1.0496196925908352,1.05,180,call,18.46,46
2026-01-28,695.42,O:SPY260227C00730000,730.0,2026-02-27,30,0.082135523613963,1.0497253458341722,1.05,30,call,0.64,1794
2026-01-28,695.42,O:SPY260227C00800000,800.0,2026-02-27,30,0.082135523613963,1.1503839406401888,1.15,30,call,0.04,66
2026-01-28,695.42,O:SPY260227P00661000,661.0,2026-02-27,30,0.082135523613963,0.950504730953956,0.95,30,put,3.16,36
2026-01-28,695.42,O:SPY260227P00695000,695.0,2026-02-27,30,0.082135523613963,0.999396048431164,1.0,30,put,9.4,1525
2026-01-28,695.42,O:SPY260227C00695000,695.0,2026-02-27,30,0.082135523613963,0.999396048431164,1.0,30,call,12.55,1694
2026-01-28,695.42,O:SPY260331C00765000,765.0,2026-03-31,62,0.1697467488021903,1.1000546432371805,1.1,60,call,0.33,113
2026-01-28,695.42,O:SPY260430C00765000,765.0,2026-04-30,92,0.2518822724161533,1.1000546432371805,1.1,90,call,1.19,945
2026-01-28,695.42,O:SPY260331C00730000,730.0,2026-03-31,62,0.1697467488021903,1.0497253458341722,1.05,60,call,2.98,60
2026-01-28,695.42,O:SPY260430C00800000,800.0,2026-04-30,92,0.2518822724161533,1.1503839406401888,1.15,90,call,0.22,210
2026-01-28,695.42,O:SPY260331C00800000,800.0,2026-03-31,62,0.1697467488021903,1.1503839406401888,1.15,60,call,0.07,63
2026-01-28,695.42,O:SPY260331C00695000,695.0,2026-03-31,62,0.1697467488021903,0.999396048431164,1.0,60,call,18.27,220
2026-01-28,695.42,O:SPY260430P00695000,695.0,2026-04-30,92,0.2518822724161533,0.999396048431164,1.0,90,put,18.45,226
2026-01-28,695.42,O:SPY260331P00695000,695.0,2026-03-31,62,0.1697467488021903,0.999396048431164,1.0,60,put,14.79,125
2026-01-28,695.42,O:SPY260430C00695000,695.0,2026-04-30,92,0.2518822724161533,0.999396048431164,1.0,90,call,24.12,88
2026-01-28,695.42,O:SPY260331P00590000,590.0,2026-03-31,62,0.1697467488021903,0.8484081562221392,0.85,60,put,2.08,404
2026-01-28,695.42,O:SPY260731C00800000,800.0,2026-07-31,184,0.5037645448323066,1.1503839406401888,1.15,180,call,2.11,54
2026-01-28,695.42,O:SPY260731P00695000,695.0,2026-07-31,184,0.5037645448323066,0.999396048431164,1.0,180,put,27.46,33
2026-01-29,694.04,O:SPY260430C00694000,694.0,2026-04-30,91,0.2491444216290212,0.9999423664342112,1.0,90,call,24.01,66
2026-01-29,694.04,O:SPY260331P00694000,694.0,2026-03-31,61,0.1670088980150581,0.9999423664342112,1.0,60,put,15.14,28
2026-01-29,694.04,O:SPY260227C00694000,694.0,2026-02-27,29,0.0793976728268309,0.9999423664342112,1.0,30,call,11.96,506
2026-01-29,694.04,O:SPY260331C00694000,694.0,2026-03-31,61,0.1670088980150581,0.9999423664342112,1.0,60,call,18.25,217
2026-01-29,694.04,O:SPY260227P00694000,694.0,2026-02-27,29,0.0793976728268309,0.9999423664342112,1.0,30,put,9.93,638
2026-01-29,694.04,O:SPY260227P00590000,590.0,2026-02-27,29,0.0793976728268309,0.8500950953835514,0.85,30,put,0.55,351
2026-01-29,694.04,O:SPY260331P00590000,590.0,2026-03-31,61,0.1670088980150581,0.8500950953835514,0.85,60,put,2.11,194
2026-01-29,694.04,O:SPY260227C00729000,729.0,2026-02-27,29,0.0793976728268309,1.0503717364993372,1.05,30,call,0.36,801
2026-01-29,694.04,O:SPY260331P00659000,659.0,2026-03-31,61,0.1670088980150581,0.9495129963690854,0.95,60,put,7.94,30
2026-01-29,694.04,O:SPY260227P00659000,659.0,2026-02-27,29,0.0793976728268309,0.9495129963690854,0.95,30,put,3.21,229
2026-01-29,694.04,O:SPY260227P00625000,625.0,2026-02-27,29,0.0793976728268309,0.9005244654486774,0.9,30,put,1.16,864
2026-01-29,694.04,O:SPY260331P00625000,625.0,2026-03-31,61,0.1670088980150581,0.9005244654486774,0.9,60,put,3.57,47
2026-01-29,694.04,O:SPY260430P00625000,625.0,2026-04-30,91,0.2491444216290212,0.9005244654486774,0.9,90,put,6.01,82
2026-01-29,694.04,O:SPY260331C00800000,800.0,2026-03-31,61,0.1670088980150581,1.152671315774307,1.15,60,call,0.06,178
2026-01-29,694.04,O:SPY260731P00730000,730.0,2026-07-31,183,0.5010266940451745,1.051812575644055,1.05,180,put,46.69,48
2026-01-29,694.04,O:SPY260731C00730000,730.0,2026-07-31,183,0.5010266940451745,1.051812575644055,1.05,180,call,16.79,36
2026-01-29,694.04,O:SPY260731C00800000,800.0,2026-07-31,183,0.5010266940451745,1.152671315774307,1.15,180,call,1.95,88
2026-01-30,691.97,O:SPY260331P00692000,692.0,2026-03-31,60,0.164271047227926,1.0000433544806857,1.0,60,put,15.59,159
2026-01-30,691.97,O:SPY260430P00692000,692.0,2026-04-30,90,0.2464065708418891,1.0000433544806857,1.0,90,put,19.5,67
2026-01-30,691.97,O:SPY260331C00692000,692.0,2026-03-31,60,0.164271047227926,1.0000433544806857,1.0,60,call,18.12,150
2026-01-30,691.97,O:SPY260430C00692000,692.0,2026-04-30,90,0.2464065708418891,1.0000433544806857,1.0,90,call,23.35,68
2026-01-30,691.97,O:SPY260331P00657000,657.0,2026-03-31,60,0.164271047227926,0.9494631270141768,0.95,60,put,8.19,181
2026-01-30,691.97,O:SPY260331C00727000,727.0,2026-03-31,60,0.164271047227926,1.0506235819471943,1.05,60,call,2.85,267
2026-01-30,691.97,O:SPY260331P00590000,590.0,2026-03-31,60,0.164271047227926,0.8526381201497174,0.85,60,put,2.23,90
2026-01-30,691.97,O:SPY260731C00692000,692.0,2026-07-31,182,0.4982888432580424,1.0000433544806857,1.0,180,call,37.55,30
2026-01-30,691.97,O:SPY260227P00692000,692.0,2026-02-27,28,0.0766598220396988,1.0000433544806857,1.0,30,put,10.26,619
2026-01-30,691.97,O:SPY260227C00692000,692.0,2026-02-27,28,0.0766598220396988,1.0000433544806857,1.0,30,call,11.73,1702
2026-01-30,691.97,O:SPY260227P00588000,588.0,2026-02-27,28,0.0766598220396988,0.8497478214373455,0.85,30,put,0.59,38
2026-01-30,691.97,O:SPY260227P00657000,657.0,2026-02-27,28,0.0766598220396988,0.9494631270141768,0.95,30,put,3.28,507
2026-01-30,691.97,O:SPY260227C00727000,727.0,2026-02-27,28,0.0766598220396988,1.0506235819471943,1.05,30,call,0.4,291
2026-02-02,695.41,O:SPY260731C00730000,730.0,2026-07-31,179,0.4900752908966461,1.0497404408909852,1.05,180,call,17.88,217
2026-02-02,695.41,O:SPY260731C00800000,800.0,2026-07-31,179,0.4900752908966461,1.150400483168203,1.15,180,call,1.89,52
2026-02-02,695.41,O:SPY260731P00695000,695.0,2026-07-31,179,0.4900752908966461,0.9994104197523764,1.0,180,put,27.29,42
2026-02-02,695.41,O:SPY260731C00695000,695.0,2026-07-31,179,0.4900752908966461,0.9994104197523764,1.0,180,call,37.74,47
2026-02-02,695.41,O:SPY260306C00730000,730.0,2026-03-06,32,0.0876112251882272,1.0497404408909852,1.05,30,call,0.67,467
2026-02-02,695.41,O:SPY260306P00661000,661.0,2026-03-06,32,0.0876112251882272,0.9505183992177276,0.95,30,put,3.28,298
2026-02-02,695.41,O:SPY260306P00695000,695.0,2026-03-06,32,0.0876112251882272,0.9994104197523764,1.0,30,put,9.78,1138
2026-02-02,695.41,O:SPY260306C00695000,695.0,2026-03-06,32,0.0876112251882272,0.9994104197523764,1.0,30,call,13.0,1156
2026-02-02,695.41,O:SPY260306C00625000,625.0,2026-03-06,32,0.0876112251882272,0.8987503774751586,0.9,30,call,70.4,42
2026-02-02,695.41,O:SPY260306P00625000,625.0,2026-03-06,32,0.0876112251882272,0.8987503774751586,0.9,30,put,1.16,184
2026-02-02,695.41,O:SPY260306P00590000,590.0,2026-03-06,32,0.0876112251882272,0.8484203563365497,0.85,30,put,0.59,48
2026-02-02,695.41,O:SPY260430C00765000,765.0,2026-04-30,87,0.2381930184804928,1.100070462029594,1.1,90,call,0.91,28
2026-02-02,695.41,O:SPY260430C00730000,730.0,2026-04-30,87,0.2381930184804928,1.0497404408909852,1.05,90,call,5.99,111
2026-02-02,695.41,O:SPY260331C00730000,730.0,2026-03-31,57,0.1560574948665297,1.0497404408909852,1.05,60,call,2.5,567
2026-02-02,695.41,O:SPY260430P00695000,695.0,2026-04-30,87,0.2381930184804928,0.9994104197523764,1.0,90,put,17.98,246
2026-02-02,695.41,O:SPY260331C00695000,695.0,2026-03-31,57,0.1560574948665297,0.9994104197523764,1.0,60,call,17.26,102
2026-02-02,695.41,O:SPY260430C00695000,695.0,2026-04-30,87,0.2381930184804928,0.9994104197523764,1.0,90,call,23.31,26
2026-02-02,695.41,O:SPY260331P00695000,695.0,2026-03-31,57,0.1560574948665297,0.9994104197523764,1.0,60,put,13.92,964
2026-02-02,695.41,O:SPY260430P00590000,590.0,2026-04-30,87,0.2381930184804928,0.8484203563365497,0.85,90,put,3.22,134
2026-02-02,695.41,O:SPY260331P00590000,590.0,2026-03-31,57,0.1560574948665297,0.8484203563365497,0.85,60,put,1.66,88
2026-02-03,689.53,O:SPY260306C00724000,724.0,2026-03-06,31,0.0848733744010951,1.049990573289052,1.05,30,call,0.74,334
2026-02-03,689.53,O:SPY260306P00655000,655.0,2026-03-06,31,0.0848733744010951,0.9499224109175816,0.95,30,put,3.71,1998
2026-02-03,689.53,O:SPY260306C00690000,690.0,2026-03-06,31,0.0848733744010951,1.0006816237147045,1.0,30,call,13.15,965
2026-02-03,689.53,O:SPY260306P00690000,690.0,2026-03-06,31,0.0848733744010951,1.0006816237147045,1.0,30,put,10.98,2887
2026-02-03,689.53,O:SPY260306P00620000,620.0,2026-03-06,31,0.0848733744010951,0.8991631981204589,0.9,30,put,1.51,2705
2026-02-03,689.53,O:SPY260731P00690000,690.0,2026-07-31,178,0.487337440109514,1.0006816237147045,1.0,180,put,28.76,35
2026-02-03,689.53,O:SPY260331C00724000,724.0,2026-03-31,56,0.1533196440793976,1.049990573289052,1.05,60,call,2.7,64
2026-02-03,689.53,O:SPY260430P00655000,655.0,2026-04-30,86,0.2354551676933607,0.9499224109175816,0.95,90,put,10.31,143
2026-02-03,689.53,O:SPY260331C00655000,655.0,2026-03-31,56,0.1533196440793976,0.9499224109175816,0.95,60,call,44.4,50
2026-02-03,689.53,O:SPY260331P00655000,655.0,2026-03-31,56,0.1533196440793976,0.9499224109175816,0.95,60,put,7.32,253
2026-02-03,689.53,O:SPY260331P00586000,586.0,2026-03-31,56,0.1533196440793976,0.8498542485461111,0.85,60,put,2.15,76
2026-02-03,689.53,O:SPY260430C00690000,690.0,2026-04-30,86,0.2354551676933607,1.0006816237147045,1.0,90,call,23.05,277
2026-02-03,689.53,O:SPY260331C00690000,690.0,2026-03-31,56,0.1533196440793976,1.0006816237147045,1.0,60,call,17.4,541
2026-02-03,689.53,O:SPY260430P00690000,690.0,2026-04-30,86,0.2354551676933607,1.0006816237147045,1.0,90,put,19.15,288
2026-02-03,689.53,O:SPY260331P00690000,690.0,2026-03-31,56,0.1533196440793976,1.0006816237147045,1.0,60,put,15.19,664
2026-02-03,689.53,O:SPY260430P00585000,585.0,2026-04-30,86,0.2354551676933607,0.8484039853233363,0.85,90,put,3.52,50
2026-02-03,689.53,O:SPY260331C00760000,760.0,2026-03-31,56,0.1533196440793976,1.1022000493089497,1.1,60,call,0.19,25
2026-02-04,686.19,O:SPY260306C00686000,686.0,2026-03-06,30,0.082135523613963,0.9997231087599644,1.0,30,call,14.9,434
2026-02-04,686.19,O:SPY260306P00686000,686.0,2026-03-06,30,0.082135523613963,0.9997231087599644,1.0,30,put,10.73,300
2026-02-04,686.19,O:SPY260306C00755000,755.0,2026-03-06,30,0.082135523613963,1.1002783485623515,1.1,30,call,0.06,43
2026-02-04,686.19,O:SPY260306C00720000,720.0,2026-03-06,30,0.082135523613963,1.0492720675031697,1.05,30,call,0.9,1328
2026-02-04,686.19,O:SPY260306P00720000,720.0,2026-03-06,30,0.082135523613963,1.0492720675031697,1.05,30,put,34.0,41
2026-02-04,686.19,O:SPY260306P00585000,585.0,2026-03-06,30,0.082135523613963,0.8525335548463253,0.85,30,put,0.75,207
2026-02-04,686.19,O:SPY260306P00650000,650.0,2026-03-06,30,0.082135523613963,0.947259505384806,0.95,30,put,3.89,652
2026-02-04,686.19,O:SPY260306P00620000,620.0,2026-03-06,30,0.082135523613963,0.9035398359055072,0.9,30,put,1.72,162
2026-02-04,686.19,O:SPY260731C00620000,620.0,2026-07-31,177,0.4845995893223819,0.9035398359055072,0.9,180,call,88.3,140
2026-02-04,686.19,O:SPY260331P00652000,652.0,2026-03-31,55,0.1505817932922655,0.9501741500167592,0.95,60,put,7.63,212
2026-02-04,686.19,O:SPY260331P00686000,686.0,2026-03-31,55,0.1505817932922655,0.9997231087599644,1.0,60,put,15.28,174
2026-02-04,686.19,O:SPY260331C00686000,686.0,2026-03-31,55,0.1505817932922655,0.9997231087599644,1.0,60,call,18.53,464
2026-02-04,686.19,O:SPY260430C00686000,686.0,2026-04-30,85,0.2327173169062286,0.9997231087599644,1.0,90,call,24.63,54
2026-02-04,686.19,O:SPY260331P00583000,583.0,2026-03-31,55,0.1505817932922655,0.8496189102143721,0.85,60,put,2.17,101
2026-02-04,686.19,O:SPY260331C00720000,720.0,2026-03-31,55,0.1505817932922655,1.0492720675031697,1.05,60,call,3.12,227
2026-02-04,686.19,O:SPY260430C00720000,720.0,2026-04-30,85,0.2327173169062286,1.0492720675031697,1.05,90,call,6.87,269
2026-02-04,686.19,O:SPY260331C00790000,790.0,2026-03-31,55,0.1505817932922655,1.151284629621533,1.15,60,call,0.05,25
2026-02-04,686.19,O:SPY260430C00790000,790.0,2026-04-30,85,0.2327173169062286,1.151284629621533,1.15,90,call,0.16,60
2026-02-04,686.19,O:SPY260331P00620000,620.0,2026-03-31,55,0.1505817932922655,0.9035398359055072,0.9,60,put,3.65,423
2026-02-05,677.62,O:SPY260306P00610000,610.0,2026-03-06,29,0.0793976728268309,0.9002095569788376,0.9,30,put,2.24,551
2026-02-05,677.62,O:SPY260306P00678000,678.0,2026-03-06,29,0.0793976728268309,1.0005607862813966,1.0,30,put,13.32,1738
2026-02-05,677.62,O:SPY260306C00678000,678.0,2026-03-06,29,0.0793976728268309,1.0005607862813966,1.0,30,call,14.95,651
2026-02-05,677.62,O:SPY260306C00712000,712.0,2026-03-06,29,0.0793976728268309,1.050736400932676,1.05,30,call,1.39,176
2026-02-05,677.62,O:SPY260306P00575000,575.0,2026-03-06,29,0.0793976728268309,0.8485581889554618,0.85,30,put,1.05,152
2026-02-05,677.62,O:SPY260306P00645000,645.0,2026-03-06,29,0.0793976728268309,0.9518609250022136,0.95,30,put,5.36,427
2026-02-05,677.62,O:SPY260731P00610000,610.0,2026-07-31,176,0.4818617385352498,0.9002095569788376,0.9,180,put,13.1,327
2026-02-05,677.62,O:SPY260731P00575000,575.0,2026-07-31,176,0.4818617385352498,0.8485581889554618,0.85,180,put,9.7,160
2026-02-05,677.62,O:SPY260331P00576000,576.0,2026-03-31,54,0.1478439425051334,0.8500339423275582,0.85,60,put,2.43,203
2026-02-05,677.62,O:SPY260331P00610000,610.0,2026-03-31,54,0.1478439425051334,0.9002095569788376,0.9,60,put,4.5,563
2026-02-05,677.62,O:SPY260430P00610000,610.0,2026-04-30,84,0.2299794661190965,0.9002095569788376,0.9,90,put,7.11,5839
2026-02-05,677.62,O:SPY260331C00644000,644.0,2026-03-31,54,0.1478439425051334,0.9503851716301172,0.95,60,call,47.11,38
2026-02-05,677.62,O:SPY260331P00644000,644.0,2026-03-31,54,0.1478439425051334,0.9503851716301172,0.95,60,put,8.5,107
2026-02-05,677.62,O:SPY260430C00678000,678.0,2026-04-30,84,0.2299794661190965,1.0005607862813966,1.0,90,call,24.69,69
2026-02-05,677.62,O:SPY260430P00678000,678.0,2026-04-30,84,0.2299794661190965,1.0005607862813966,1.0,90,put,21.05,33
2026-02-05,677.62,O:SPY260331C00678000,678.0,2026-03-31,54,0.1478439425051334,1.0005607862813966,1.0,60,call,18.47,273
2026-02-05,677.62,O:SPY260331P00678000,678.0,2026-03-31,54,0.1478439425051334,1.0005607862813966,1.0,60,put,18.02,62
2026-02-05,677.62,O:SPY260331C00745000,745.0,2026-03-31,54,0.1478439425051334,1.0994362622118592,1.1,60,call,0.37,89
2026-02-05,677.62,O:SPY260430C00712000,712.0,2026-04-30,84,0.2299794661190965,1.050736400932676,1.05,90,call,7.52,133
2026-02-05,677.62,O:SPY260331C00780000,780.0,2026-03-31,54,0.1478439425051334,1.151087630235235,1.15,60,call,0.06,101
2026-02-05,677.62,O:SPY260430C00780000,780.0,2026-04-30,84,0.2299794661190965,1.151087630235235,1.15,90,call,0.22,204
2026-02-05,677.62,O:SPY260430P00575000,575.0,2026-04-30,84,0.2299794661190965,0.8485581889554618,0.85,90,put,4.01,80
2026-02-06,690.62,O:SPY260306P00656000,656.0,2026-03-06,28,0.0766598220396988,0.949871130288726,0.95,30,put,3.32,99
2026-02-06,690.62,O:SPY260306C00725000,725.0,2026-03-06,28,0.0766598220396988,1.0497813558831195,1.05,30,call,0.52,568
2026-02-06,690.62,O:SPY260306C00691000,691.0,2026-03-06,28,0.0766598220396988,1.0005502302279112,1.0,30,call,12.11,641
2026-02-06,690.62,O:SPY260306P00691000,691.0,2026-03-06,28,0.0766598220396988,1.0005502302279112,1.0,30,put,10.56,503
2026-02-06,690.62,O:SPY260306P00585000,585.0,2026-03-06,28,0.0766598220396988,0.8470649561263792,0.85,30,put,0.52,185
2026-02-06,690.62,O:SPY260731C00760000,760.0,2026-07-31,175,0.4791238877481177,1.1004604558223046,1.1,180,call,6.01,388
2026-02-06,690.62,O:SPY260430C00725000,725.0,2026-04-30,83,0.2272416153319644,1.0497813558831195,1.05,90,call,6.03,154
2026-02-06,690.62,O:SPY260331C00725000,725.0,2026-03-31,53,0.1451060917180013,1.0497813558831195,1.05,60,call,2.33,262
2026-02-06,690.62,O:SPY260331C00760000,760.0,2026-03-31,53,0.1451060917180013,1.1004604558223046,1.1,60,call,0.17,471
2026-02-06,690.62,O:SPY260430C00760000,760.0,2026-04-30,83,0.2272416153319644,1.1004604558223046,1.1,90,call,0.84,31
2026-02-06,690.62,O:SPY260331C00691000,691.0,2026-03-31,53,0.1451060917180013,1.0005502302279112,1.0,60,call,16.58,56
2026-02-06,690.62,O:SPY260430C00691000,691.0,2026-04-30,83,0.2272416153319644,1.0005502302279112,1.0,90,call,23.02,187
2026-02-06,690.62,O:SPY260331P00691000,691.0,2026-03-31,53,0.1451060917180013,1.0005502302279112,1.0,60,put,15.0,82
2026-02-06,690.62,O:SPY260331P00622000,622.0,2026-03-31,53,0.1451060917180013,0.9006400046335177,0.9,60,put,3.67,42
2026-02-06,690.62,O:SPY260331C00795000,795.0,2026-03-31,53,0.1451060917180013,1.1511395557614896,1.15,60,call,0.04,28
2026-02-06,690.62,O:SPY260331P00586000,586.0,2026-03-31,53,0.1451060917180013,0.8485129304103559,0.85,60,put,1.66,303
2026-02-06,690.62,O:SPY260430P00585000,585.0,2026-04-30,83,0.2272416153319644,0.8470649561263792,0.85,90,put,3.36,25
2026-02-09,693.95,O:SPY260313P00694000,694.0,2026-03-13,32,0.0876112251882272,1.000072051300526,1.0,30,put,10.71,282
2026-02-09,693.95,O:SPY260313C00694000,694.0,2026-03-13,32,0.0876112251882272,1.000072051300526,1.0,30,call,13.5,397
2026-02-09,693.95,O:SPY260313P00590000,590.0,2026-03-13,32,0.0876112251882272,0.850205346206499,0.85,30,put,0.69,536
2026-02-09,693.95,O:SPY260313P00659000,659.0,2026-03-13,32,0.0876112251882272,0.9496361409323436,0.95,30,put,3.63,158
2026-02-09,693.95,O:SPY260313P00625000,625.0,2026-03-13,32,0.0876112251882272,0.9006412565746811,0.9,30,put,1.33,540
2026-02-09,693.95,O:SPY260313C00730000,730.0,2026-03-13,32,0.0876112251882272,1.0519489876792276,1.05,30,call,0.67,502
2026-02-09,693.95,O:SPY260313C00765000,765.0,2026-03-13,32,0.0876112251882272,1.1023848980474096,1.1,30,call,0.06,247
2026-02-09,693.95,O:SPY260515C00694000,694.0,2026-05-15,95,0.2600958247775496,1.000072051300526,1.0,90,call,25.09,138
2026-02-09,693.95,O:SPY260515P00590000,590.0,2026-05-15,95,0.2600958247775496,0.850205346206499,0.85,90,put,3.93,1614
2026-02-09,693.95,O:SPY260515P00625000,625.0,2026-05-15,95,0.2600958247775496,0.9006412565746811,0.9,90,put,6.42,170
2026-02-09,693.95,O:SPY260515C00730000,730.0,2026-05-15,95,0.2600958247775496,1.0519489876792276,1.05,90,call,7.01,84
2026-02-09,693.95,O:SPY260515C00765000,765.0,2026-05-15,95,0.2600958247775496,1.1023848980474096,1.1,90,call,1.21,73
2026-02-09,693.95,O:SPY260417P00694000,694.0,2026-04-17,67,0.1834360027378508,1.000072051300526,1.0,60,put,16.3,123
2026-02-09,693.95,O:SPY260417C00694000,694.0,2026-04-17,67,0.1834360027378508,1.000072051300526,1.0,60,call,19.47,120
2026-02-09,693.95,O:SPY260417P00590000,590.0,2026-04-17,67,0.1834360027378508,0.850205346206499,0.85,60,put,2.35,1514
2026-02-09,693.95,O:SPY260417C00729000,729.0,2026-04-17,67,0.1834360027378508,1.050507961668708,1.05,60,call,3.75,75
2026-02-09,693.95,O:SPY260417P00625000,625.0,2026-04-17,67,0.1834360027378508,0.9006412565746811,0.9,60,put,4.24,568
2026-02-09,693.95,O:SPY260731C00800000,800.0,2026-07-31,172,0.4709103353867214,1.1528208084155918,1.15,180,call,1.66,101
2026-02-10,692.12,O:SPY260313P00623000,623.0,2026-03-13,31,0.0848733744010951,0.9001329249263134,0.9,30,put,1.33,37
2026-02-10,692.12,O:SPY260313C00692000,692.0,2026-03-13,31,0.0848733744010951,0.9998266196613304,1.0,30,call,13.42,136
2026-02-10,692.12,O:SPY260313P00692000,692.0,2026-03-13,31,0.0848733744010951,0.9998266196613304,1.0,30,put,10.59,111
2026-02-10,692.12,O:SPY260313P00658000,658.0,2026-03-13,31,0.0848733744010951,0.950702190371612,0.95,30,put,3.76,26
2026-02-10,692.12,O:SPY260313C00725000,725.0,2026-03-13,31,0.0848733744010951,1.047506212795469,1.05,30,call,0.8,341
2026-02-10,692.12,O:SPY260515P00692000,692.0,2026-05-15,94,0.2573579739904175,0.9998266196613304,1.0,90,put,19.84,35
2026-02-10,692.12,O:SPY260515C00760000,760.0,2026-05-15,94,0.2573579739904175,1.0980754782407676,1.1,90,call,1.4,132
2026-02-10,692.12,O:SPY260515P00590000,590.0,2026-05-15,94,0.2573579739904175,0.8524533317921748,0.85,90,put,4.05,53
2026-02-10,692.12,O:SPY260515C00725000,725.0,2026-05-15,94,0.2573579739904175,1.047506212795469,1.05,90,call,7.91,390
2026-02-10,692.12,O:SPY260515P00625000,625.0,2026-05-15,94,0.2573579739904175,0.9030225972374732,0.9,90,put,6.81,669
2026-02-10,692.12,O:SPY260417P00692000,692.0,2026-04-17,66,0.1806981519507187,0.9998266196613304,1.0,60,put,16.23,658
2026-02-10,692.12,O:SPY260417C00727000,727.0,2026-04-17,66,0.1806981519507187,1.0503958851066288,1.05,60,call,3.79,188
2026-02-10,692.12,O:SPY260417P00658000,658.0,2026-04-17,66,0.1806981519507187,0.950702190371612,0.95,60,put,8.14,167
2026-02-10,692.12,O:SPY260417P00590000,590.0,2026-04-17,66,0.1806981519507187,0.8524533317921748,0.85,60,put,2.44,105
2026-02-10,692.12,O:SPY260417P00625000,625.0,2026-04-17,66,0.1806981519507187,0.9030225972374732,0.9,60,put,4.52,292
2026-02-10,692.12,O:SPY260731P00590000,590.0,2026-07-31,171,0.4681724845995893,0.8524533317921748,0.85,180,put,8.33,75
2026-02-10,692.12,O:SPY260731C00725000,725.0,2026-07-31,171,0.4681724845995893,1.047506212795469,1.05,180,call,18.17,134
2026-02-10,692.12,O:SPY260731P00725000,725.0,2026-07-31,171,0.4681724845995893,1.047506212795469,1.05,180,put,40.85,134
2026-02-11,691.96,O:SPY260313C00692000,692.0,2026-03-13,30,0.082135523613963,1.0000578068096422,1.0,30,call,12.98,914
2026-02-11,691.96,O:SPY260313P00692000,692.0,2026-03-13,30,0.082135523613963,1.0000578068096422,1.0,30,put,10.29,439
2026-02-11,691.96,O:SPY260313P00657000,657.0,2026-03-13,30,0.082135523613963,0.9494768483727384,0.95,30,put,3.4,101
2026-02-11,691.96,O:SPY260313C00725000,725.0,2026-03-13,30,0.082135523613963,1.0477484247644373,1.05,30,call,0.71,2764
2026-02-11,691.96,O:SPY260515P00692000,692.0,2026-05-15,93,0.2546201232032854,1.0000578068096422,1.0,90,put,19.52,66
2026-02-11,691.96,O:SPY260515C00692000,692.0,2026-05-15,93,0.2546201232032854,1.0000578068096422,1.0,90,call,25.0,29
2026-02-11,691.96,O:SPY260515C00760000,760.0,2026-05-15,93,0.2546201232032854,1.098329383201341,1.1,90,call,1.28,879
2026-02-11,691.96,O:SPY260515C00725000,725.0,2026-05-15,93,0.2546201232032854,1.0477484247644373,1.05,90,call,7.7,195
2026-02-11,691.96,O:SPY260515P00725000,725.0,2026-05-15,93,0.2546201232032854,1.0477484247644373,1.05,90,put,35.97,75
2026-02-11,691.96,O:SPY260515P00625000,625.0,2026-05-15,93,0.2546201232032854,0.9032314006589977,0.9,90,put,6.66,351
2026-02-11,691.96,O:SPY260417C00692000,692.0,2026-04-17,65,0.1779603011635865,1.0000578068096422,1.0,60,call,19.45,189
2026-02-11,691.96,O:SPY260417P00692000,692.0,2026-04-17,65,0.1779603011635865,1.0000578068096422,1.0,60,put,16.17,649
2026-02-11,691.96,O:SPY260417C00727000,727.0,2026-04-17,65,0.1779603011635865,1.050638765246546,1.05,60,call,3.53,25
2026-02-11,691.96,O:SPY260417C00760000,760.0,2026-04-17,65,0.1779603011635865,1.098329383201341,1.1,60,call,0.4,105
2026-02-11,691.96,O:SPY260417P00590000,590.0,2026-04-17,65,0.1779603011635865,0.8526504422220937,0.85,60,put,2.4,84
2026-02-11,691.96,O:SPY260417P00625000,625.0,2026-04-17,65,0.1779603011635865,0.9032314006589977,0.9,60,put,4.42,819
2026-02-12,681.27,O:SPY260313P00613000,613.0,2026-03-13,29,0.0793976728268309,0.8997900979053827,0.9,30,put,1.93,48
2026-02-12,681.27,O:SPY260313P00647000,647.0,2026-03-13,29,0.0793976728268309,0.949696889632598,0.95,30,put,4.81,130
2026-02-12,681.27,O:SPY260313P00681000,681.0,2026-03-13,29,0.0793976728268309,0.9996036813598134,1.0,30,put,12.13,174
2026-02-12,681.27,O:SPY260313C00681000,681.0,2026-03-13,29,0.0793976728268309,0.9996036813598134,1.0,30,call,15.0,83
2026-02-12,681.27,O:SPY260313C00715000,715.0,2026-03-13,29,0.0793976728268309,1.0495104730870286,1.05,30,call,1.09,1545
2026-02-12,681.27,O:SPY260313C00750000,750.0,2026-03-13,29,0.0793976728268309,1.1008851116297504,1.1,30,call,0.06,101
2026-02-12,681.27,O:SPY260313P00580000,580.0,2026-03-13,29,0.0793976728268309,0.8513511529936736,0.85,30,put,0.96,78
2026-02-12,681.27,O:SPY260515C00681000,681.0,2026-05-15,92,0.2518822724161533,0.9996036813598134,1.0,90,call,26.21,54
2026-02-12,681.27,O:SPY260515C00715000,715.0,2026-05-15,92,0.2518822724161533,1.0495104730870286,1.05,90,call,8.71,91
2026-02-12,681.27,O:SPY260515C00750000,750.0,2026-05-15,92,0.2518822724161533,1.1008851116297504,1.1,90,call,1.55,241
2026-02-12,681.27,O:SPY260515P00580000,580.0,2026-05-15,92,0.2518822724161533,0.8513511529936736,0.85,90,put,4.68,110
2026-02-12,681.27,O:SPY260417P00681000,681.0,2026-04-17,64,0.1752224503764544,0.9996036813598134,1.0,60,put,17.79,130
2026-02-12,681.27,O:SPY260417C00681000,681.0,2026-04-17,64,0.1752224503764544,0.9996036813598134,1.0,60,call,21.33,39
2026-02-12,681.27,O:SPY260417C00715000,715.0,2026-04-17,64,0.1752224503764544,1.0495104730870286,1.05,60,call,4.81,387
2026-02-12,681.27,O:SPY260417P00580000,580.0,2026-04-17,64,0.1752224503764544,0.8513511529936736,0.85,60,put,3.0,407
2026-02-12,681.27,O:SPY260417P00615000,615.0,2026-04-17,64,0.1752224503764544,0.9027257915363952,0.9,60,put,5.3,340
2026-02-12,681.27,O:SPY260417P00645000,645.0,2026-04-17,64,0.1752224503764544,0.9467611960015851,0.95,60,put,8.99,312
2026-02-12,681.27,O:SPY260821C00715000,715.0,2026-08-21,190,0.5201916495550992,1.0495104730870286,1.05,180,call,21.15,124
2026-02-12,681.27,O:SPY260821P00715000,715.0,2026-08-21,190,0.5201916495550992,1.0495104730870286,1.05,180,put,44.0,40
2026-02-12,681.27,O:SPY260821C00750000,750.0,2026-08-21,190,0.5201916495550992,1.1008851116297504,1.1,180,call,8.36,41
2026-02-12,681.27,O:SPY260821P00580000,580.0,2026-08-21,190,0.5201916495550992,0.8513511529936736,0.85,180,put,10.4,200
2026-02-12,681.27,O:SPY260821P00680000,680.0,2026-08-21,190,0.5201916495550992,0.998135834544307,1.0,180,put,29.87,60
2026-02-12,681.27,O:SPY260821C00680000,680.0,2026-08-21,190,0.5201916495550992,0.998135834544307,1.0,180,call,41.32,73
2026-02-13,681.75,O:SPY260515C00750000,750.0,2026-05-15,91,0.2491444216290212,1.1001100110011002,1.1,90,call,1.45,170
2026-02-13,681.75,O:SPY260515C00682000,682.0,2026-05-15,91,0.2491444216290212,1.0003667033370005,1.0,90,call,25.74,32
2026-02-13,681.75,O:SPY260515P00682000,682.0,2026-05-15,91,0.2491444216290212,1.0003667033370005,1.0,90,put,22.04,74
2026-02-13,681.75,O:SPY260515P00580000,580.0,2026-05-15,91,0.2491444216290212,0.8507517418408508,0.85,90,put,4.8,293
2026-02-13,681.75,O:SPY260515C00715000,715.0,2026-05-15,91,0.2491444216290212,1.0487715438210488,1.05,90,call,8.53,36
2026-02-13,681.75,O:SPY260515C00615000,615.0,2026-05-15,91,0.2491444216290212,0.902090209020902,0.9,90,call,78.42,31
2026-02-13,681.75,O:SPY260313P00682000,682.0,2026-03-13,28,0.0766598220396988,1.0003667033370005,1.0,30,put,12.33,731
2026-02-13,681.75,O:SPY260313C00682000,682.0,2026-03-13,28,0.0766598220396988,1.0003667033370005,1.0,30,call,13.73,274
2026-02-13,681.75,O:SPY260313P00648000,648.0,2026-03-13,28,0.0766598220396988,0.9504950495049505,0.95,30,put,5.02,241
2026-02-13,681.75,O:SPY260313P00614000,614.0,2026-03-13,28,0.0766598220396988,0.9006233956729006,0.9,30,put,2.11,681
2026-02-13,681.75,O:SPY260515P00650000,650.0,2026-05-15,91,0.2491444216290212,0.9534286762009534,0.95,90,put,13.3,136
2026-02-13,681.75,O:SPY260313P00580000,580.0,2026-03-13,28,0.0766598220396988,0.8507517418408508,0.85,30,put,0.93,319
2026-02-13,681.75,O:SPY260313C00785000,785.0,2026-03-13,28,0.0766598220396988,1.1514484781811514,1.15,30,call,0.02,405
2026-02-13,681.75,O:SPY260417C00750000,750.0,2026-04-17,63,0.1724845995893223,1.1001100110011002,1.1,60,call,0.43,1726
2026-02-13,681.75,O:SPY260417P00750000,750.0,2026-04-17,63,0.1724845995893223,1.1001100110011002,1.1,60,put,68.96,30
2026-02-13,681.75,O:SPY260417C00682000,682.0,2026-04-17,63,0.1724845995893223,1.0003667033370005,1.0,60,call,20.06,279
2026-02-13,681.75,O:SPY260417P00682000,682.0,2026-04-17,63,0.1724845995893223,1.0003667033370005,1.0,60,put,18.09,207
2026-02-13,681.75,O:SPY260417P00580000,580.0,2026-04-17,63,0.1724845995893223,0.8507517418408508,0.85,60,put,2.99,91
2026-02-13,681.75,O:SPY260417P00615000,615.0,2026-04-17,63,0.1724845995893223,0.902090209020902,0.9,60,put,5.31,340
2026-02-13,681.75,O:SPY260417C00650000,650.0,2026-04-17,63,0.1724845995893223,0.9534286762009534,0.95,60,call,46.15,178
2026-02-13,681.75,O:SPY260417P00650000,650.0,2026-04-17,63,0.1724845995893223,0.9534286762009534,0.95,60,put,9.8,2774
2026-02-13,681.75,O:SPY260821P00580000,580.0,2026-08-21,189,0.5174537987679672,0.8507517418408508,0.85,180,put,10.74,175
2026-02-13,681.75,O:SPY260821C00715000,715.0,2026-08-21,189,0.5174537987679672,1.0487715438210488,1.05,180,call,20.49,77
2026-02-13,681.75,O:SPY260821P00680000,680.0,2026-08-21,189,0.5174537987679672,0.9974330766409976,1.0,180,put,30.6,87
2026-02-13,681.75,O:SPY260821C00680000,680.0,2026-08-21,189,0.5174537987679672,0.9974330766409976,1.0,180,call,43.18,25
2026-02-13,681.75,O:SPY260821P00650000,650.0,2026-08-21,189,0.5174537987679672,0.9534286762009534,0.95,180,put,20.15,41
2026-02-13,681.75,O:SPY260821C00650000,650.0,2026-08-21,189,0.5174537987679672,0.9534286762009534,0.95,180,call,64.85,31
2026-02-17,682.85,O:SPY260320C00717000,717.0,2026-03-20,31,0.0848733744010951,1.0500109833784872,1.05,30,call,1.04,114
2026-02-17,682.85,O:SPY260417C00717000,717.0,2026-04-17,59,0.1615331964407939,1.0500109833784872,1.05,60,call,4.05,122
2026-02-17,682.85,O:SPY260417C00683000,683.0,2026-04-17,59,0.1615331964407939,1.0002196675697443,1.0,60,call,18.99,381
2026-02-17,682.85,O:SPY260417P00683000,683.0,2026-04-17,59,0.1615331964407939,1.0002196675697443,1.0,60,put,17.33,166
2026-02-17,682.85,O:SPY260320P00683000,683.0,2026-03-20,31,0.0848733744010951,1.0002196675697443,1.0,30,put,13.11,1267
2026-02-17,682.85,O:SPY260320C00683000,683.0,2026-03-20,31,0.0848733744010951,1.0002196675697443,1.0,30,call,14.17,1542
2026-02-17,682.85,O:SPY260320C00785000,785.0,2026-03-20,31,0.0848733744010951,1.149593614995973,1.15,30,call,0.03,268
2026-02-17,682.85,O:SPY260417C00785000,785.0,2026-04-17,59,0.1615331964407939,1.149593614995973,1.15,60,call,0.08,30
2026-02-17,682.85,O:SPY260320P00649000,649.0,2026-03-20,31,0.0848733744010951,0.9504283517610016,0.95,30,put,5.19,5748
2026-02-17,682.85,O:SPY260417P00580000,580.0,2026-04-17,59,0.1615331964407939,0.8493812696785531,0.85,60,put,2.39,269
2026-02-17,682.85,O:SPY260320P00580000,580.0,2026-03-20,31,0.0848733744010951,0.8493812696785531,0.85,30,put,1.04,241
2026-02-17,682.85,O:SPY260320P00615000,615.0,2026-03-20,31,0.0848733744010951,0.9006370359522589,0.9,30,put,2.19,6382
2026-02-17,682.85,O:SPY260417P00615000,615.0,2026-04-17,59,0.1615331964407939,0.9006370359522589,0.9,60,put,4.6,713
2026-02-17,682.85,O:SPY260320P00750000,750.0,2026-03-20,31,0.0848733744010951,1.098337848722267,1.1,30,put,67.18,290
2026-02-17,682.85,O:SPY260417C00750000,750.0,2026-04-17,59,0.1615331964407939,1.098337848722267,1.1,60,call,0.36,461
2026-02-17,682.85,O:SPY260320C00750000,750.0,2026-03-20,31,0.0848733744010951,1.098337848722267,1.1,30,call,0.07,1367
2026-02-17,682.85,O:SPY260417P00650000,650.0,2026-04-17,59,0.1615331964407939,0.9518928022259648,0.95,60,put,8.77,2084
2026-02-17,682.85,O:SPY260417C00650000,650.0,2026-04-17,59,0.1615331964407939,0.9518928022259648,0.95,60,call,45.31,54
2026-02-17,682.85,O:SPY260515C00683000,683.0,2026-05-15,87,0.2381930184804928,1.0002196675697443,1.0,90,call,24.45,27
2026-02-17,682.85,O:SPY260515P00683000,683.0,2026-05-15,87,0.2381930184804928,1.0002196675697443,1.0,90,put,20.82,26
2026-02-17,682.85,O:SPY260515P00580000,580.0,2026-05-15,87,0.2381930184804928,0.8493812696785531,0.85,90,put,4.18,89
2026-02-17,682.85,O:SPY260515P00615000,615.0,2026-05-15,87,0.2381930184804928,0.9006370359522589,0.9,90,put,6.92,3799
2026-02-17,682.85,O:SPY260515C00750000,750.0,2026-05-15,87,0.2381930184804928,1.098337848722267,1.1,90,call,1.28,49
2026-02-17,682.85,O:SPY260515P00650000,650.0,2026-05-15,87,0.2381930184804928,0.9518928022259648,0.95,90,put,11.95,3971
2026-02-17,682.85,O:SPY260515C00715000,715.0,2026-05-15,87,0.2381930184804928,1.0470820824485612,1.05,90,call,8.08,32
2026-02-17,682.85,O:SPY260821C00750000,750.0,2026-08-21,185,0.5065023956194388,1.098337848722267,1.1,180,call,7.9,100
2026-02-17,682.85,O:SPY260821P00650000,650.0,2026-08-21,185,0.5065023956194388,0.9518928022259648,0.95,180,put,20.96,39
2026-02-17,682.85,O:SPY260821C00715000,715.0,2026-08-21,185,0.5065023956194388,1.0470820824485612,1.05,180,call,20.12,25
2026-02-17,682.85,O:SPY260821C00685000,685.0,2026-08-21,185,0.5065023956194388,1.0031485684996704,1.0,180,call,38.53,26
2026-02-18,686.29,O:SPY260320P00652000,652.0,2026-03-20,30,0.082135523613963,0.9500356991942184,0.95,30,put,4.88,15261
2026-02-18,686.29,O:SPY260320C00755000,755.0,2026-03-20,30,0.082135523613963,1.1001180259074153,1.1,30,call,0.05,261
2026-02-18,686.29,O:SPY260320C00686000,686.0,2026-03-20,30,0.082135523613963,0.999577438109254,1.0,30,call,13.7,1082
2026-02-18,686.29,O:SPY260320P00686000,686.0,2026-03-20,30,0.082135523613963,0.999577438109254,1.0,30,put,12.47,2928
2026-02-18,686.29,O:SPY260320P00618000,618.0,2026-03-20,30,0.082135523613963,0.9004939602791823,0.9,30,put,2.0,91
2026-02-18,686.29,O:SPY260320C00721000,721.0,2026-03-20,30,0.082135523613963,1.0505762869923794,1.05,30,call,0.72,56
2026-02-18,686.29,O:SPY260320C00790000,790.0,2026-03-20,30,0.082135523613963,1.1511168747905405,1.15,30,call,0.02,3592
2026-02-18,686.29,O:SPY260320P00585000,585.0,2026-03-20,30,0.082135523613963,0.8524093313322357,0.85,30,put,0.94,366
2026-02-18,686.29,O:SPY260417P00652000,652.0,2026-04-17,58,0.1587953456536618,0.9500356991942184,0.95,60,put,8.16,45
2026-02-18,686.29,O:SPY260417C00686000,686.0,2026-04-17,58,0.1587953456536618,0.999577438109254,1.0,60,call,19.41,136
2026-02-18,686.29,O:SPY260417P00686000,686.0,2026-04-17,58,0.1587953456536618,0.999577438109254,1.0,60,put,16.69,160
2026-02-18,686.29,O:SPY260417C00721000,721.0,2026-04-17,58,0.1587953456536618,1.0505762869923794,1.05,60,call,3.25,71
2026-02-18,686.29,O:SPY260417C00790000,790.0,2026-04-17,58,0.1587953456536618,1.1511168747905405,1.15,60,call,0.06,301
2026-02-18,686.29,O:SPY260417P00585000,585.0,2026-04-17,58,0.1587953456536618,0.8524093313322357,0.85,60,put,2.52,647
2026-02-18,686.29,O:SPY260417P00620000,620.0,2026-04-17,58,0.1587953456536618,0.903408180215361,0.9,60,put,4.61,1590
2026-02-18,686.29,O:SPY260821C00755000,755.0,2026-08-21,184,0.5037645448323066,1.1001180259074153,1.1,180,call,6.99,206
2026-02-18,686.29,O:SPY260515C00755000,755.0,2026-05-15,86,0.2354551676933607,1.1001180259074153,1.1,90,call,1.05,62
2026-02-18,686.29,O:SPY260515P00686000,686.0,2026-05-15,86,0.2354551676933607,0.999577438109254,1.0,90,put,20.25,41
2026-02-18,686.29,O:SPY260821C00720000,720.0,2026-08-21,184,0.5037645448323066,1.04911917702429,1.05,180,call,19.55,266
2026-02-18,686.29,O:SPY260515C00720000,720.0,2026-05-15,86,0.2354551676933607,1.04911917702429,1.05,90,call,7.13,146
2026-02-18,686.29,O:SPY260821P00720000,720.0,2026-08-21,184,0.5037645448323066,1.04911917702429,1.05,180,put,43.2,221
2026-02-18,686.29,O:SPY260821C00685000,685.0,2026-08-21,184,0.5037645448323066,0.9981203281411648,1.0,180,call,40.65,28
2026-02-18,686.29,O:SPY260821C00650000,650.0,2026-08-21,184,0.5037645448323066,0.9471214792580396,0.95,180,call,64.68,38
2026-02-18,686.29,O:SPY260821P00620000,620.0,2026-08-21,184,0.5037645448323066,0.903408180215361,0.9,180,put,15.0,145
2026-02-18,686.29,O:SPY260515P00620000,620.0,2026-05-15,86,0.2354551676933607,0.903408180215361,0.9,90,put,6.86,540
2026-02-19,684.48,O:SPY260320P00650000,650.0,2026-03-20,29,0.0793976728268309,0.9496259934548854,0.95,30,put,4.92,24485
2026-02-19,684.48,O:SPY260320C00650000,650.0,2026-03-20,29,0.0793976728268309,0.9496259934548854,0.95,30,call,40.32,48
2026-02-19,684.48,O:SPY260320P00684000,684.0,2026-03-20,29,0.0793976728268309,0.9992987377279102,1.0,30,put,12.45,1334
2026-02-19,684.48,O:SPY260320C00684000,684.0,2026-03-20,29,0.0793976728268309,0.9992987377279102,1.0,30,call,14.32,2030
2026-02-19,684.48,O:SPY260320P00580000,580.0,2026-03-20,29,0.0793976728268309,0.8473585787751285,0.85,30,put,0.91,1150
2026-02-19,684.48,O:SPY260320C00755000,755.0,2026-03-20,29,0.0793976728268309,1.1030271154745208,1.1,30,call,0.04,69
2026-02-19,684.48,O:SPY260821C00650000,650.0,2026-08-21,183,0.5010266940451745,0.9496259934548854,0.95,180,call,62.71,43
2026-02-19,684.48,O:SPY260821P00650000,650.0,2026-08-21,183,0.5010266940451745,0.9496259934548854,0.95,180,put,20.64,50
2026-02-19,684.48,O:SPY260417P00650000,650.0,2026-04-17,57,0.1560574948665297,0.9496259934548854,0.95,60,put,8.62,8135
2026-02-19,684.48,O:SPY260417C00719000,719.0,2026-04-17,57,0.1560574948665297,1.0504324450677889,1.05,60,call,3.3,167
2026-02-19,684.48,O:SPY260417P00684000,684.0,2026-04-17,57,0.1560574948665297,0.9992987377279102,1.0,60,put,16.77,201
2026-02-19,684.48,O:SPY260417C00684000,684.0,2026-04-17,57,0.1560574948665297,0.9992987377279102,1.0,60,call,19.56,340
2026-02-19,684.48,O:SPY260821C00685000,685.0,2026-08-21,183,0.5010266940451745,1.000759700794764,1.0,180,call,38.95,36
2026-02-19,684.48,O:SPY260417P00615000,615.0,2026-04-17,57,0.1560574948665297,0.898492286115007,0.9,60,put,4.53,359
2026-02-19,684.48,O:SPY260821C00720000,720.0,2026-08-21,183,0.5010266940451745,1.0518934081346425,1.05,180,call,18.85,272
2026-02-19,684.48,O:SPY260417P00580000,580.0,2026-04-17,57,0.1560574948665297,0.8473585787751285,0.85,60,put,2.5,345
2026-02-19,684.48,O:SPY260417C00785000,785.0,2026-04-17,57,0.1560574948665297,1.1468560074801308,1.15,60,call,0.06,78
2026-02-19,684.48,O:SPY260515P00650000,650.0,2026-05-15,85,0.2327173169062286,0.9496259934548854,0.95,90,put,12.0,159
2026-02-19,684.48,O:SPY260515P00684000,684.0,2026-05-15,85,0.2327173169062286,0.9992987377279102,1.0,90,put,20.45,53
2026-02-19,684.48,O:SPY260515P00615000,615.0,2026-05-15,85,0.2327173169062286,0.898492286115007,0.9,90,put,7.06,103
2026-02-19,684.48,O:SPY260515C00720000,720.0,2026-05-15,85,0.2327173169062286,1.0518934081346425,1.05,90,call,6.8,174
2026-02-19,684.48,O:SPY260515P00580000,580.0,2026-05-15,85,0.2327173169062286,0.8473585787751285,0.85,90,put,4.3,319
2026-02-19,684.48,O:SPY260515C00755000,755.0,2026-05-15,85,0.2327173169062286,1.1030271154745208,1.1,90,call,0.99,38
2026-02-20,689.43,O:SPY260320P00655000,655.0,2026-03-20,28,0.0766598220396988,0.9500601946535544,0.95,30,put,4.24,30318
2026-02-20,689.43,O:SPY260320C00655000,655.0,2026-03-20,28,0.0766598220396988,0.9500601946535544,0.95,30,call,39.51,25
2026-02-20,689.43,O:SPY260821P00655000,655.0,2026-08-21,182,0.4982888432580424,0.9500601946535544,0.95,180,put,20.3,126
2026-02-20,689.43,O:SPY260320C00724000,724.0,2026-03-20,28,0.0766598220396988,1.0501428716475931,1.05,30,call,0.43,34
2026-02-20,689.43,O:SPY260320P00689000,689.0,2026-03-20,28,0.0766598220396988,0.999376296360762,1.0,30,put,11.38,3622
2026-02-20,689.43,O:SPY260320C00689000,689.0,2026-03-20,28,0.0766598220396988,0.999376296360762,1.0,30,call,13.09,1149
2026-02-20,689.43,O:SPY260320P00620000,620.0,2026-03-20,28,0.0766598220396988,0.8992936193667233,0.9,30,put,1.64,10513
2026-02-20,689.43,O:SPY260320C00620000,620.0,2026-03-20,28,0.0766598220396988,0.8992936193667233,0.9,30,call,71.76,37
2026-02-20,689.43,O:SPY260821P00620000,620.0,2026-08-21,182,0.4982888432580424,0.8992936193667233,0.9,180,put,13.95,64
2026-02-20,689.43,O:SPY260821C00690000,690.0,2026-08-21,182,0.4982888432580424,1.0008267699403857,1.0,180,call,38.31,34
2026-02-20,689.43,O:SPY260821P00690000,690.0,2026-08-21,182,0.4982888432580424,1.0008267699403857,1.0,180,put,30.0,55
2026-02-20,689.43,O:SPY260320P00585000,585.0,2026-03-20,28,0.0766598220396988,0.8485270440798921,0.85,30,put,0.76,145
2026-02-20,689.43,O:SPY260417P00655000,655.0,2026-04-17,56,0.1533196440793976,0.9500601946535544,0.95,60,put,7.95,1734
2026-02-20,689.43,O:SPY260417C00724000,724.0,2026-04-17,56,0.1533196440793976,1.0501428716475931,1.05,60,call,2.68,101
2026-02-20,689.43,O:SPY260417P00689000,689.0,2026-04-17,56,0.1533196440793976,0.999376296360762,1.0,60,put,15.8,257
2026-02-20,689.43,O:SPY260417C00689000,689.0,2026-04-17,56,0.1533196440793976,0.999376296360762,1.0,60,call,18.33,586
2026-02-20,689.43,O:SPY260417C00620000,620.0,2026-04-17,56,0.1533196440793976,0.8992936193667233,0.9,60,call,73.75,27
2026-02-20,689.43,O:SPY260417P00620000,620.0,2026-04-17,56,0.1533196440793976,0.8992936193667233,0.9,60,put,4.06,1487
2026-02-20,689.43,O:SPY260417P00585000,585.0,2026-04-17,56,0.1533196440793976,0.8485270440798921,0.85,60,put,2.27,5193
2026-02-20,689.43,O:SPY260417C00760000,760.0,2026-04-17,56,0.1533196440793976,1.102359920514048,1.1,60,call,0.2,36
2026-02-20,689.43,O:SPY260515P00655000,655.0,2026-05-15,84,0.2299794661190965,0.9500601946535544,0.95,90,put,11.16,113
2026-02-20,689.43,O:SPY260515C00689000,689.0,2026-05-15,84,0.2299794661190965,0.999376296360762,1.0,90,call,24.23,181
2026-02-20,689.43,O:SPY260515P00689000,689.0,2026-05-15,84,0.2299794661190965,0.999376296360762,1.0,90,put,19.46,300
2026-02-20,689.43,O:SPY260515P00620000,620.0,2026-05-15,84,0.2299794661190965,0.8992936193667233,0.9,90,put,6.55,268
2026-02-20,689.43,O:SPY260515P00585000,585.0,2026-05-15,84,0.2299794661190965,0.8485270440798921,0.85,90,put,3.97,76
2026-02-20,689.43,O:SPY260515C00725000,725.0,2026-05-15,84,0.2299794661190965,1.0515933452272168,1.05,90,call,6.07,216
2026-02-20,689.43,O:SPY260515C00760000,760.0,2026-05-15,84,0.2299794661190965,1.102359920514048,1.1,90,call,0.8,27
2026-02-23,682.39,O:SPY260821P00580000,580.0,2026-08-21,179,0.4900752908966461,0.8499538387139319,0.85,180,put,10.47,51
2026-02-23,682.39,O:SPY260821C00750000,750.0,2026-08-21,179,0.4900752908966461,1.0990782397162913,1.1,180,call,7.37,150
2026-02-23,682.39,O:SPY260821C00715000,715.0,2026-08-21,179,0.4900752908966461,1.0477879218628643,1.05,180,call,20.21,43
2026-02-23,682.39,O:SPY260821C00650000,650.0,2026-08-21,179,0.4900752908966461,0.9525344744207858,0.95,180,call,64.21,51
2026-02-23,682.39,O:SPY260821P00650000,650.0,2026-08-21,179,0.4900752908966461,0.9525344744207858,0.95,180,put,21.95,87
2026-02-23,682.39,O:SPY260327P00580000,580.0,2026-03-27,32,0.0876112251882272,0.8499538387139319,0.85,30,put,1.21,989
2026-02-23,682.39,O:SPY260327P00648000,648.0,2026-03-27,32,0.0876112251882272,0.9496035991148756,0.95,30,put,5.72,152
2026-02-23,682.39,O:SPY260327P00682000,682.0,2026-03-27,32,0.0876112251882272,0.9994284793153476,1.0,30,put,13.51,336
2026-02-23,682.39,O:SPY260327C00682000,682.0,2026-03-27,32,0.0876112251882272,0.9994284793153476,1.0,30,call,15.1,1208
2026-02-23,682.39,O:SPY260327C00717000,717.0,2026-03-27,32,0.0876112251882272,1.0507187971687744,1.05,30,call,1.0,78
2026-02-23,682.39,O:SPY260821C00680000,680.0,2026-08-21,179,0.4900752908966461,0.9964976040094374,1.0,180,call,40.33,67
2026-02-23,682.39,O:SPY260821P00680000,680.0,2026-08-21,179,0.4900752908966461,0.9964976040094374,1.0,180,put,30.38,130
2026-02-23,682.39,O:SPY260529C00682000,682.0,2026-05-29,95,0.2600958247775496,0.9994284793153476,1.0,90,call,26.8,34
2026-02-23,682.39,O:SPY260529P00682000,682.0,2026-05-29,95,0.2600958247775496,0.9994284793153476,1.0,90,put,22.6,69
2026-02-23,682.39,O:SPY260529C00750000,750.0,2026-05-29,95,0.2600958247775496,1.0990782397162913,1.1,90,call,1.74,163
2026-02-23,682.39,O:SPY260529C00715000,715.0,2026-05-29,95,0.2600958247775496,1.0477879218628643,1.05,90,call,9.73,140
2026-02-23,682.39,O:SPY260430P00580000,580.0,2026-04-30,66,0.1806981519507187,0.8499538387139319,0.85,60,put,3.37,47
2026-02-23,682.39,O:SPY260430P00682000,682.0,2026-04-30,66,0.1806981519507187,0.9994284793153476,1.0,60,put,18.8,109
2026-02-23,682.39,O:SPY260430C00682000,682.0,2026-04-30,66,0.1806981519507187,0.9994284793153476,1.0,60,call,22.0,169
2026-02-23,682.39,O:SPY260430C00750000,750.0,2026-04-30,66,0.1806981519507187,1.0990782397162913,1.1,60,call,0.55,67
2026-02-24,687.35,O:SPY260327C00687000,687.0,2026-03-27,31,0.0848733744010951,0.9994907979922892,1.0,30,call,13.47,786
2026-02-24,687.35,O:SPY260327P00687000,687.0,2026-03-27,31,0.0848733744010951,0.9994907979922892,1.0,30,put,12.57,561
2026-02-24,687.35,O:SPY260821P00620000,620.0,2026-08-21,178,0.487337440109514,0.9020149850876554,0.9,180,put,14.38,31
2026-02-24,687.35,O:SPY260821C00720000,720.0,2026-08-21,178,0.487337440109514,1.0475012730050193,1.05,180,call,19.54,59
2026-02-24,687.35,O:SPY260821P00685000,685.0,2026-08-21,178,0.487337440109514,0.996581072233942,1.0,180,put,29.25,49
2026-02-24,687.35,O:SPY260430P00653000,653.0,2026-04-30,65,0.1779603011635865,0.9500254601003856,0.95,60,put,9.38,35
2026-02-24,687.35,O:SPY260430P00687000,687.0,2026-04-30,65,0.1779603011635865,0.9994907979922892,1.0,60,put,17.65,87
2026-02-24,687.35,O:SPY260430C00687000,687.0,2026-04-30,65,0.1779603011635865,0.9994907979922892,1.0,60,call,20.51,119
2026-02-24,687.35,O:SPY260430P00585000,585.0,2026-04-30,65,0.1779603011635865,0.8510947843165781,0.85,60,put,2.95,54
2026-02-25,693.15,O:SPY260327P00693000,693.0,2026-03-27,30,0.082135523613963,0.9997835966241072,1.0,30,put,11.04,543
2026-02-25,693.15,O:SPY260327C00693000,693.0,2026-03-27,30,0.082135523613963,0.9997835966241072,1.0,30,call,11.97,158
2026-02-25,693.15,O:SPY260327C00728000,728.0,2026-03-27,30,0.082135523613963,1.050277717665729,1.05,30,call,0.48,25
2026-02-25,693.15,O:SPY260327P00658000,658.0,2026-03-27,30,0.082135523613963,0.9492894755824858,0.95,30,put,4.06,268
2026-02-25,693.15,O:SPY260327P00590000,590.0,2026-03-27,30,0.082135523613963,0.8511866118444781,0.85,30,put,0.78,52
2026-02-25,693.15,O:SPY260327C00760000,760.0,2026-03-27,30,0.082135523613963,1.0964437711894972,1.1,30,call,0.04,25
2026-02-25,693.15,O:SPY260821P00660000,660.0,2026-08-21,177,0.4845995893223819,0.9521748539277212,0.95,180,put,19.94,98
2026-02-25,693.15,O:SPY260430P00693000,693.0,2026-04-30,64,0.1752224503764544,0.9997835966241072,1.0,60,put,16.22,331
2026-02-25,693.15,O:SPY260821C00730000,730.0,2026-08-21,177,0.4845995893223819,1.0531630960109644,1.05,180,call,17.04,51
2026-02-25,693.15,O:SPY260430P00590000,590.0,2026-04-30,64,0.1752224503764544,0.8511866118444781,0.85,60,put,2.59,36
2026-02-26,689.3,O:SPY260327P00655000,655.0,2026-03-27,29,0.0793976728268309,0.9502393732772378,0.95,30,put,4.21,378
2026-02-26,689.3,O:SPY260327C00724000,724.0,2026-03-27,29,0.0793976728268309,1.050340925576672,1.05,30,call,0.38,134
2026-02-26,689.3,O:SPY260327P00689000,689.0,2026-03-27,29,0.0793976728268309,0.9995647758595676,1.0,30,put,11.27,311
2026-02-26,689.3,O:SPY260327C00689000,689.0,2026-03-27,29,0.0793976728268309,0.9995647758595676,1.0,30,call,12.2,668
2026-02-26,689.3,O:SPY260327P00620000,620.0,2026-03-27,29,0.0793976728268309,0.8994632235601335,0.9,30,put,1.63,270
2026-02-26,689.3,O:SPY260529P00620000,620.0,2026-05-29,92,0.2518822724161533,0.8994632235601335,0.9,90,put,6.77,112
2026-02-26,689.3,O:SPY260529C00760000,760.0,2026-05-29,92,0.2518822724161533,1.102567822428551,1.1,90,call,1.02,32
2026-02-26,689.3,O:SPY260430P00655000,655.0,2026-04-30,63,0.1724845995893223,0.9502393732772378,0.95,60,put,8.39,169
2026-02-26,689.3,O:SPY260430C00689000,689.0,2026-04-30,63,0.1724845995893223,0.9995647758595676,1.0,60,call,19.11,45
2026-02-26,689.3,O:SPY260430P00620000,620.0,2026-04-30,63,0.1724845995893223,0.8994632235601335,0.9,60,put,4.48,301
2026-02-26,689.3,O:SPY260430P00585000,585.0,2026-04-30,63,0.1724845995893223,0.8486870738430292,0.85,60,put,2.73,6528
2026-02-26,689.3,O:SPY260821P00655000,655.0,2026-08-21,176,0.4818617385352498,0.9502393732772378,0.95,180,put,19.6,351
2026-02-26,689.3,O:SPY260821P00690000,690.0,2026-08-21,176,0.4818617385352498,1.001015522994342,1.0,180,put,29.18,429
2026-02-26,689.3,O:SPY260821C00690000,690.0,2026-08-21,176,0.4818617385352498,1.001015522994342,1.0,180,call,37.09,213
2026-02-26,689.3,O:SPY260821C00725000,725.0,2026-08-21,176,0.4818617385352498,1.0517916727114465,1.05,180,call,17.43,61
2026-02-26,689.3,O:SPY260821C00760000,760.0,2026-08-21,176,0.4818617385352498,1.102567822428551,1.1,180,call,5.5,67
2026-02-27,685.99,O:SPY260529C00755000,755.0,2026-05-29,91,0.2491444216290212,1.100599134098165,1.1,90,call,1.07,781
2026-02-27,685.99,O:SPY260430P00686000,686.0,2026-04-30,62,0.1697467488021903,1.0000145774719749,1.0,60,put,17.42,119
2026-02-27,685.99,O:SPY260430C00686000,686.0,2026-04-30,62,0.1697467488021903,1.0000145774719749,1.0,60,call,20.01,227
2026-02-27,685.99,O:SPY260327C00686000,686.0,2026-03-27,28,0.0766598220396988,1.0000145774719749,1.0,30,call,12.35,128
2026-02-27,685.99,O:SPY260327P00686000,686.0,2026-03-27,28,0.0766598220396988,1.0000145774719749,1.0,30,put,12.11,259
2026-02-27,685.99,O:SPY260529P00585000,585.0,2026-05-29,91,0.2491444216290212,0.8527821105263925,0.85,90,put,4.76,94
2026-02-27,685.99,O:SPY260430C00720000,720.0,2026-04-30,62,0.1697467488021903,1.0495779821863291,1.05,60,call,3.54,219
2026-02-27,685.99,O:SPY260327C00720000,720.0,2026-03-27,28,0.0766598220396988,1.0495779821863291,1.05,30,call,0.38,501
2026-02-27,685.99,O:SPY260331P00652000,652.0,2026-03-31,32,0.0876112251882272,0.9504511727576204,0.95,30,put,5.19,49
2026-02-27,685.99,O:SPY260430C00755000,755.0,2026-04-30,62,0.1697467488021903,1.100599134098165,1.1,60,call,0.28,51
2026-02-27,685.99,O:SPY260430P00585000,585.0,2026-04-30,62,0.1697467488021903,0.8527821105263925,0.85,60,put,3.24,36
2026-02-27,685.99,O:SPY260821C00720000,720.0,2026-08-21,175,0.4791238877481177,1.0495779821863291,1.05,180,call,18.34,57
2026-03-02,686.38,O:SPY260331C00755000,755.0,2026-03-31,29,0.0793976728268309,1.099973775459658,1.1,30,call,0.03,40
2026-03-02,686.38,O:SPY260430P00652000,652.0,2026-04-30,59,0.1615331964407939,0.9499111279466184,0.95,60,put,9.26,35
2026-03-02,686.38,O:SPY260430P00618000,618.0,2026-04-30,59,0.1615331964407939,0.9003758850782365,0.9,60,put,4.99,90
2026-03-02,686.38,O:SPY260331C00721000,721.0,2026-03-31,29,0.0793976728268309,1.050438532591276,1.05,30,call,0.44,332
2026-03-02,686.38,O:SPY260402P00686000,686.0,2026-04-02,31,0.0848733744010951,0.9994463708150004,1.0,30,put,13.6,294
2026-03-02,686.38,O:SPY260430C00686000,686.0,2026-04-30,59,0.1615331964407939,0.9994463708150004,1.0,60,call,19.55,327
2026-03-02,686.38,O:SPY260430P00686000,686.0,2026-04-30,59,0.1615331964407939,0.9994463708150004,1.0,60,put,17.56,97
2026-03-02,686.38,O:SPY260402C00686000,686.0,2026-04-02,31,0.0848733744010951,0.9994463708150004,1.0,30,call,13.81,815
2026-03-02,686.38,O:SPY260430C00790000,790.0,2026-04-30,59,0.1615331964407939,1.1509659372359335,1.15,60,call,0.05,30
2026-03-02,686.38,O:SPY260430P00585000,585.0,2026-04-30,59,0.1615331964407939,0.8522975611177482,0.85,60,put,2.9,93
2026-03-02,686.38,O:SPY260529C00755000,755.0,2026-05-29,88,0.2409308692676249,1.099973775459658,1.1,90,call,1.1,232
2026-03-02,686.38,O:SPY260529P00618000,618.0,2026-05-29,88,0.2409308692676249,0.9003758850782365,0.9,90,put,8.05,31
2026-03-02,686.38,O:SPY260402P00620000,620.0,2026-04-02,31,0.0848733744010951,0.9032897228940238,0.9,30,put,2.64,291
2026-03-02,686.38,O:SPY260529C00686000,686.0,2026-05-29,88,0.2409308692676249,0.9994463708150004,1.0,90,call,25.83,82
2026-03-02,686.38,O:SPY260529P00686000,686.0,2026-05-29,88,0.2409308692676249,0.9994463708150004,1.0,90,put,21.1,30
2026-03-02,686.38,O:SPY260831C00720000,720.0,2026-08-31,182,0.4982888432580424,1.0489816136833825,1.05,180,call,19.56,149
2026-03-02,686.38,O:SPY260831P00585000,585.0,2026-08-31,182,0.4982888432580424,0.8522975611177482,0.85,180,put,10.61,198
2026-03-03,680.33,O:SPY260402P00680000,680.0,2026-04-02,30,0.082135523613963,0.9995149412784972,1.0,30,put,14.64,2005
2026-03-03,680.33,O:SPY260402C00680000,680.0,2026-04-02,30,0.082135523613963,0.9995149412784972,1.0,30,call,14.7,3195
2026-03-03,680.33,O:SPY260402C00715000,715.0,2026-04-02,30,0.082135523613963,1.0509605632560668,1.05,30,call,0.77,786
2026-03-03,680.33,O:SPY260402P00645000,645.0,2026-04-02,30,0.082135523613963,0.9480693193009274,0.95,30,put,6.08,828
2026-03-03,680.33,O:SPY260402C00750000,750.0,2026-04-02,30,0.082135523613963,1.1024061852336366,1.1,30,call,0.02,57
2026-03-03,680.33,O:SPY260402P00580000,580.0,2026-04-02,30,0.082135523613963,0.8525274499140123,0.85,30,put,1.44,38
2026-03-03,680.33,O:SPY260402P00610000,610.0,2026-04-02,30,0.082135523613963,0.8966236973233578,0.9,30,put,2.8,262
2026-03-03,680.33,O:SPY260831C00750000,750.0,2026-08-31,181,0.4955509924709103,1.1024061852336366,1.1,180,call,7.28,204
2026-03-03,680.33,O:SPY260831P00580000,580.0,2026-08-31,181,0.4955509924709103,0.8525274499140123,0.85,180,put,13.44,174
2026-03-03,680.33,O:SPY260430P00612000,612.0,2026-04-30,58,0.1587953456536618,0.8995634471506474,0.9,60,put,6.39,69
2026-03-03,680.33,O:SPY260430P00646000,646.0,2026-04-30,58,0.1587953456536618,0.9495391942145724,0.95,60,put,9.62,67
2026-03-03,680.33,O:SPY260430C00680000,680.0,2026-04-30,58,0.1587953456536618,0.9995149412784972,1.0,60,call,20.6,505
2026-03-03,680.33,O:SPY260430P00680000,680.0,2026-04-30,58,0.1587953456536618,0.9995149412784972,1.0,60,put,18.82,1348
2026-03-03,680.33,O:SPY260430C00714000,714.0,2026-04-30,58,0.1587953456536618,1.049490688342422,1.05,60,call,4.3,204
2026-03-03,680.33,O:SPY260831C00610000,610.0,2026-08-31,181,0.4955509924709103,0.8966236973233578,0.9,180,call,94.07,50
2026-03-03,680.33,O:SPY260430P00580000,580.0,2026-04-30,58,0.1587953456536618,0.8525274499140123,0.85,60,put,3.48,752
2026-03-03,680.33,O:SPY260529P00612000,612.0,2026-05-29,87,0.2381930184804928,0.8995634471506474,0.9,90,put,7.8,25
2026-03-03,680.33,O:SPY260529C00680000,680.0,2026-05-29,87,0.2381930184804928,0.9995149412784972,1.0,90,call,26.24,885
2026-03-03,680.33,O:SPY260529P00680000,680.0,2026-05-29,87,0.2381930184804928,0.9995149412784972,1.0,90,put,22.41,309
2026-03-03,680.33,O:SPY260529C00714000,714.0,2026-05-29,87,0.2381930184804928,1.049490688342422,1.05,90,call,7.03,137
2026-03-03,680.33,O:SPY260529C00750000,750.0,2026-05-29,87,0.2381930184804928,1.1024061852336366,1.1,90,call,1.04,516
2026-03-03,680.33,O:SPY260529P00580000,580.0,2026-05-29,87,0.2381930184804928,0.8525274499140123,0.85,90,put,5.17,53
2026-03-03,680.33,O:SPY260529C00780000,780.0,2026-05-29,87,0.2381930184804928,1.146502432642982,1.15,90,call,0.18,78
2026-03-04,685.13,O:SPY260831P00685000,685.0,2026-08-31,180,0.4928131416837782,0.9998102549881044,1.0,180,put,30.1,56
2026-03-04,685.13,O:SPY260402P00685000,685.0,2026-04-02,29,0.0793976728268309,0.9998102549881044,1.0,30,put,12.68,16610
2026-03-04,685.13,O:SPY260402C00685000,685.0,2026-04-02,29,0.0793976728268309,0.9998102549881044,1.0,30,call,13.34,2012
2026-03-04,685.13,O:SPY260402C00720000,720.0,2026-04-02,29,0.0793976728268309,1.0508954504984456,1.05,30,call,0.44,543
2026-03-04,685.13,O:SPY260402P00650000,650.0,2026-04-02,29,0.0793976728268309,0.9487250594777632,0.95,30,put,5.2,820
2026-03-04,685.13,O:SPY260402C00650000,650.0,2026-04-02,29,0.0793976728268309,0.9487250594777632,0.95,30,call,41.93,162
2026-03-04,685.13,O:SPY260402P00615000,615.0,2026-04-02,29,0.0793976728268309,0.8976398639674222,0.9,30,put,2.14,76
2026-03-04,685.13,O:SPY260402P00580000,580.0,2026-04-02,29,0.0793976728268309,0.8465546684570812,0.85,30,put,1.06,1046
2026-03-04,685.13,O:SPY260430P00651000,651.0,2026-04-30,57,0.1560574948665297,0.9501846364923444,0.95,60,put,8.82,155
2026-03-04,685.13,O:SPY260430P00685000,685.0,2026-04-30,57,0.1560574948665297,0.9998102549881044,1.0,60,put,17.06,933
2026-03-04,685.13,O:SPY260430C00685000,685.0,2026-04-30,57,0.1560574948665297,0.9998102549881044,1.0,60,call,19.76,188
2026-03-04,685.13,O:SPY260430P00617000,617.0,2026-04-30,57,0.1560574948665297,0.9005590179965846,0.9,60,put,4.53,30
2026-03-04,685.13,O:SPY260430C00755000,755.0,2026-04-30,57,0.1560574948665297,1.1019806460087866,1.1,60,call,0.19,154
2026-03-04,685.13,O:SPY260529C00685000,685.0,2026-05-29,86,0.2354551676933607,0.9998102549881044,1.0,90,call,25.5,29
2026-03-04,685.13,O:SPY260529P00685000,685.0,2026-05-29,86,0.2354551676933607,0.9998102549881044,1.0,90,put,21.1,384
2026-03-04,685.13,O:SPY260430C00790000,790.0,2026-04-30,57,0.1560574948665297,1.1530658415191275,1.15,60,call,0.04,25
2026-03-04,685.13,O:SPY260430P00580000,580.0,2026-04-30,57,0.1560574948665297,0.8465546684570812,0.85,60,put,2.63,259
2026-03-04,685.13,O:SPY260529C00755000,755.0,2026-05-29,86,0.2354551676933607,1.1019806460087866,1.1,90,call,0.87,57
2026-03-05,681.31,O:SPY260402C00681000,681.0,2026-04-02,28,0.0766598220396988,0.9995449942023455,1.0,30,call,14.07,493
2026-03-05,681.31,O:SPY260402P00681000,681.0,2026-04-02,28,0.0766598220396988,0.9995449942023455,1.0,30,put,14.04,653
2026-03-05,681.31,O:SPY260402C00715000,715.0,2026-04-02,28,0.0766598220396988,1.049448855880583,1.05,30,call,0.67,2851
2026-03-05,681.31,O:SPY260402C00750000,750.0,2026-04-02,28,0.0766598220396988,1.1008204781964157,1.1,30,call,0.03,50
2026-03-05,681.31,O:SPY260402P00580000,580.0,2026-04-02,28,0.0766598220396988,0.8513011698052282,0.85,30,put,1.43,45
2026-03-05,681.31,O:SPY260402P00615000,615.0,2026-04-02,28,0.0766598220396988,0.902672792121061,0.9,30,put,3.51,127
2026-03-05,681.31,O:SPY260402C00645000,645.0,2026-04-02,28,0.0766598220396988,0.9467056112489176,0.95,30,call,39.08,192
2026-03-05,681.31,O:SPY260402P00645000,645.0,2026-04-02,28,0.0766598220396988,0.9467056112489176,0.95,30,put,5.72,9134
2026-03-05,681.31,O:SPY260430P00681000,681.0,2026-04-30,56,0.1533196440793976,0.9995449942023455,1.0,60,put,18.51,154
2026-03-05,681.31,O:SPY260430C00681000,681.0,2026-04-30,56,0.1533196440793976,0.9995449942023455,1.0,60,call,20.2,215
2026-03-05,681.31,O:SPY260430C00715000,715.0,2026-04-30,56,0.1533196440793976,1.049448855880583,1.05,60,call,3.75,364
2026-03-05,681.31,O:SPY260430P00580000,580.0,2026-04-30,56,0.1533196440793976,0.8513011698052282,0.85,60,put,3.31,230
2026-03-05,681.31,O:SPY260529C00647000,647.0,2026-05-29,85,0.2327173169062286,0.949641132524108,0.95,90,call,50.23,1212
2026-03-05,681.31,O:SPY260529P00681000,681.0,2026-05-29,85,0.2327173169062286,0.9995449942023455,1.0,90,put,24.1,27
2026-03-05,681.31,O:SPY260529C00681000,681.0,2026-05-29,85,0.2327173169062286,0.9995449942023455,1.0,90,call,25.89,53
2026-03-05,681.31,O:SPY260529C00715000,715.0,2026-05-29,85,0.2327173169062286,1.049448855880583,1.05,90,call,8.05,89
2026-03-05,681.31,O:SPY260529C00750000,750.0,2026-05-29,85,0.2327173169062286,1.1008204781964157,1.1,90,call,1.06,694
2026-03-05,681.31,O:SPY260529P00580000,580.0,2026-05-29,85,0.2327173169062286,0.8513011698052282,0.85,90,put,5.29,71
2026-03-06,672.38,O:SPY260831C00740000,740.0,2026-08-31,178,0.487337440109514,1.1005681311163331,1.1,180,call,8.9,175
2026-03-06,672.38,O:SPY260402C00706000,706.0,2026-04-02,27,0.0739219712525667,1.0500014872542311,1.05,30,call,1.53,96
2026-03-06,672.38,O:SPY260402P00605000,605.0,2026-04-02,27,0.0739219712525667,0.8997888098991642,0.9,30,put,4.5,141
2026-03-06,672.38,O:SPY260402C00672000,672.0,2026-04-02,27,0.0739219712525667,0.9994348433921296,1.0,30,call,16.82,567
2026-03-06,672.38,O:SPY260402P00672000,672.0,2026-04-02,27,0.0739219712525667,0.9994348433921296,1.0,30,put,16.68,1377
2026-03-06,672.38,O:SPY260402C00740000,740.0,2026-04-02,27,0.0739219712525667,1.1005681311163331,1.1,30,call,0.04,112
2026-03-06,672.38,O:SPY260402P00640000,640.0,2026-04-02,27,0.0739219712525667,0.9518427079925044,0.95,30,put,8.62,353
2026-03-06,672.38,O:SPY260402C00640000,640.0,2026-04-02,27,0.0739219712525667,0.9518427079925044,0.95,30,call,42.23,105
2026-03-06,672.38,O:SPY260402P00570000,570.0,2026-04-02,27,0.0739219712525667,0.847734911805824,0.85,30,put,2.2,545
2026-03-06,672.38,O:SPY260430C00706000,706.0,2026-04-30,55,0.1505817932922655,1.0500014872542311,1.05,60,call,5.8,37
2026-03-06,672.38,O:SPY260430P00605000,605.0,2026-04-30,55,0.1505817932922655,0.8997888098991642,0.9,60,put,7.58,228
2026-03-06,672.38,O:SPY260430C00672000,672.0,2026-04-30,55,0.1505817932922655,0.9994348433921296,1.0,60,call,23.3,328
2026-03-06,672.38,O:SPY260430P00672000,672.0,2026-04-30,55,0.1505817932922655,0.9994348433921296,1.0,60,put,21.92,220
2026-03-06,672.38,O:SPY260430C00740000,740.0,2026-04-30,55,0.1505817932922655,1.1005681311163331,1.1,60,call,0.45,115
2026-03-06,672.38,O:SPY260430P00570000,570.0,2026-04-30,55,0.1505817932922655,0.847734911805824,0.85,60,put,4.62,121
2026-03-06,672.38,O:SPY260529C00672000,672.0,2026-05-29,84,0.2299794661190965,0.9994348433921296,1.0,90,call,28.82,211
2026-03-06,672.38,O:SPY260529P00672000,672.0,2026-05-29,84,0.2299794661190965,0.9994348433921296,1.0,90,put,25.45,109
2026-03-06,672.38,O:SPY260529P00570000,570.0,2026-05-29,84,0.2299794661190965,0.847734911805824,0.85,90,put,6.85,31
2026-03-09,678.27,O:SPY260410C00712000,712.0,2026-04-10,32,0.0876112251882272,1.0497294587701065,1.05,30,call,1.27,230
2026-03-09,678.27,O:SPY260410C00678000,678.0,2026-04-10,32,0.0876112251882272,0.9996019284355788,1.0,30,call,15.93,279
2026-03-09,678.27,O:SPY260410P00678000,678.0,2026-04-10,32,0.0876112251882272,0.9996019284355788,1.0,30,put,16.28,239
2026-03-09,678.27,O:SPY260410C00644000,644.0,2026-04-10,32,0.0876112251882272,0.9494743981010512,0.95,30,call,36.47,120
2026-03-09,678.27,O:SPY260410P00610000,610.0,2026-04-10,32,0.0876112251882272,0.8993468677665237,0.9,30,put,3.61,398
2026-03-09,678.27,O:SPY260410P00575000,575.0,2026-04-10,32,0.0876112251882272,0.84774499830451,0.85,30,put,1.97,356
2026-03-09,678.27,O:SPY260515C00712000,712.0,2026-05-15,67,0.1834360027378508,1.0497294587701065,1.05,60,call,6.25,242
2026-03-09,678.27,O:SPY260515C00678000,678.0,2026-05-15,67,0.1834360027378508,0.9996019284355788,1.0,60,call,23.7,178
2026-03-09,678.27,O:SPY260515P00678000,678.0,2026-05-15,67,0.1834360027378508,0.9996019284355788,1.0,60,put,21.58,78
2026-03-09,678.27,O:SPY260515C00610000,610.0,2026-05-15,67,0.1834360027378508,0.8993468677665237,0.9,60,call,69.07,86
2026-03-09,678.27,O:SPY260515P00610000,610.0,2026-05-15,67,0.1834360027378508,0.8993468677665237,0.9,60,put,6.97,1984
2026-03-09,678.27,O:SPY260515P00645000,645.0,2026-05-15,67,0.1834360027378508,0.9509487372285372,0.95,60,put,11.87,520
2026-03-09,678.27,O:SPY260515C00745000,745.0,2026-05-15,67,0.1834360027378508,1.098382649977148,1.1,60,call,0.58,99
2026-03-09,678.27,O:SPY260515P00575000,575.0,2026-05-15,67,0.1834360027378508,0.84774499830451,0.85,60,put,4.38,452
2026-03-09,678.27,O:SPY260515C00575000,575.0,2026-05-15,67,0.1834360027378508,0.84774499830451,0.85,60,call,99.05,25
2026-03-09,678.27,O:SPY260529C00712000,712.0,2026-05-29,81,0.2217659137577002,1.0497294587701065,1.05,90,call,5.72,91
2026-03-09,678.27,O:SPY260529C00678000,678.0,2026-05-29,81,0.2217659137577002,0.9996019284355788,1.0,90,call,26.51,107
2026-03-09,678.27,O:SPY260529P00678000,678.0,2026-05-29,81,0.2217659137577002,0.9996019284355788,1.0,90,put,22.34,312
2026-03-09,678.27,O:SPY260529C00610000,610.0,2026-05-29,81,0.2217659137577002,0.8993468677665237,0.9,90,call,74.2,27
2026-03-09,678.27,O:SPY260529P00610000,610.0,2026-05-29,81,0.2217659137577002,0.8993468677665237,0.9,90,put,8.26,26
2026-03-09,678.27,O:SPY260529C00745000,745.0,2026-05-29,81,0.2217659137577002,1.098382649977148,1.1,90,call,1.21,36
2026-03-09,678.27,O:SPY260529P00575000,575.0,2026-05-29,81,0.2217659137577002,0.84774499830451,0.85,90,put,5.2,112
2026-03-10,677.18,O:SPY260410C00711000,711.0,2026-04-10,31,0.0848733744010951,1.049942408222334,1.05,30,call,1.44,74
2026-03-10,677.18,O:SPY260410P00677000,677.0,2026-04-10,31,0.0848733744010951,0.9997341917953868,1.0,30,put,14.96,454
2026-03-10,677.18,O:SPY260410C00677000,677.0,2026-04-10,31,0.0848733744010951,0.9997341917953868,1.0,30,call,16.55,434
2026-03-10,677.18,O:SPY260410P00575000,575.0,2026-04-10,31,0.0848733744010951,0.8491095425145456,0.85,30,put,1.8,71
2026-03-10,677.18,O:SPY260515C00711000,711.0,2026-05-15,66,0.1806981519507187,1.049942408222334,1.05,60,call,6.71,204
2026-03-10,677.18,O:SPY260515C00745000,745.0,2026-05-15,66,0.1806981519507187,1.100150624649281,1.1,60,call,0.66,689
2026-03-10,677.18,O:SPY260515C00677000,677.0,2026-05-15,66,0.1806981519507187,0.9997341917953868,1.0,60,call,24.02,287
2026-03-10,677.18,O:SPY260515P00677000,677.0,2026-05-15,66,0.1806981519507187,0.9997341917953868,1.0,60,put,21.52,155
2026-03-10,677.18,O:SPY260515P00610000,610.0,2026-05-15,66,0.1806981519507187,0.900794471189344,0.9,60,put,7.57,183
2026-03-10,677.18,O:SPY260515P00575000,575.0,2026-05-15,66,0.1806981519507187,0.8491095425145456,0.85,60,put,4.65,242
2026-03-10,677.18,O:SPY260515P00645000,645.0,2026-05-15,66,0.1806981519507187,0.9524793998641424,0.95,60,put,12.88,240
2026-03-10,677.18,O:SPY260529C00745000,745.0,2026-05-29,80,0.2190280629705681,1.100150624649281,1.1,90,call,1.22,55
2026-03-10,677.18,O:SPY260529C00677000,677.0,2026-05-29,80,0.2190280629705681,0.9997341917953868,1.0,90,call,26.49,25
2026-03-10,677.18,O:SPY260529P00677000,677.0,2026-05-29,80,0.2190280629705681,0.9997341917953868,1.0,90,put,22.95,168
2026-03-10,677.18,O:SPY260529P00575000,575.0,2026-05-29,80,0.2190280629705681,0.8491095425145456,0.85,90,put,5.08,92
2026-03-11,676.33,O:SPY260410P00575000,575.0,2026-04-10,30,0.082135523613963,0.8501766888944745,0.85,30,put,1.62,537
2026-03-11,676.33,O:SPY260410C00710000,710.0,2026-04-10,30,0.082135523613963,1.0497833897653512,1.05,30,call,1.22,384
2026-03-11,676.33,O:SPY260410P00609000,609.0,2026-04-10,30,0.082135523613963,0.9004480061508434,0.9,30,put,3.25,67
2026-03-11,676.33,O:SPY260410C00676000,676.0,2026-04-10,30,0.082135523613963,0.9995120725089822,1.0,30,call,15.5,906
2026-03-11,676.33,O:SPY260410P00676000,676.0,2026-04-10,30,0.082135523613963,0.9995120725089822,1.0,30,put,15.01,1469
2026-03-11,676.33,O:SPY260515P00575000,575.0,2026-05-15,65,0.1779603011635865,0.8501766888944745,0.85,60,put,4.17,359
2026-03-11,676.33,O:SPY260515C00575000,575.0,2026-05-15,65,0.1779603011635865,0.8501766888944745,0.85,60,call,106.14,80
2026-03-11,676.33,O:SPY260515C00710000,710.0,2026-05-15,65,0.1779603011635865,1.0497833897653512,1.05,60,call,6.26,966
2026-03-11,676.33,O:SPY260515P00710000,710.0,2026-05-15,65,0.1779603011635865,1.0497833897653512,1.05,60,put,38.81,140
2026-03-11,676.33,O:SPY260515P00676000,676.0,2026-05-15,65,0.1779603011635865,0.9995120725089822,1.0,60,put,20.57,131
2026-03-11,676.33,O:SPY260515C00676000,676.0,2026-05-15,65,0.1779603011635865,0.9995120725089822,1.0,60,call,23.6,1343
2026-03-11,676.33,O:SPY260515C00745000,745.0,2026-05-15,65,0.1779603011635865,1.1015332751763192,1.1,60,call,0.55,63
2026-03-11,676.33,O:SPY260515C00610000,610.0,2026-05-15,65,0.1779603011635865,0.9019265743054424,0.9,60,call,75.11,29
2026-03-11,676.33,O:SPY260515P00610000,610.0,2026-05-15,65,0.1779603011635865,0.9019265743054424,0.9,60,put,6.96,290
2026-03-11,676.33,O:SPY260515C00780000,780.0,2026-05-15,65,0.1779603011635865,1.1532831605872873,1.15,60,call,0.07,120
2026-03-11,676.33,O:SPY260515P00645000,645.0,2026-05-15,65,0.1779603011635865,0.9536764597164106,0.95,60,put,12.21,158
2026-03-11,676.33,O:SPY260831C00710000,710.0,2026-08-31,173,0.4736481861738535,1.0497833897653512,1.05,180,call,20.35,187
2026-03-11,676.33,O:SPY260618C00710000,710.0,2026-06-18,99,0.271047227926078,1.0497833897653512,1.05,90,call,10.92,322
2026-03-11,676.33,O:SPY260618P00710000,710.0,2026-06-18,99,0.271047227926078,1.0497833897653512,1.05,90,put,41.95,85
2026-03-11,676.33,O:SPY260618C00745000,745.0,2026-06-18,99,0.271047227926078,1.1015332751763192,1.1,90,call,2.07,431
2026-03-11,676.33,O:SPY260618P00610000,610.0,2026-06-18,99,0.271047227926078,0.9019265743054424,0.9,90,put,10.14,514
2026-03-11,676.33,O:SPY260618P00675000,675.0,2026-06-18,99,0.271047227926078,0.9980335043543832,1.0,90,put,24.4,790
2026-03-11,676.33,O:SPY260618C00675000,675.0,2026-06-18,99,0.271047227926078,0.9980335043543832,1.0,90,call,29.89,328
2026-03-11,676.33,O:SPY260618P00645000,645.0,2026-06-18,99,0.271047227926078,0.9536764597164106,0.95,90,put,16.26,484
2026-03-12,666.06,O:SPY260410P00666000,666.0,2026-04-10,29,0.0793976728268309,0.9999099180254032,1.0,30,put,16.97,237
2026-03-12,666.06,O:SPY260410C00666000,666.0,2026-04-10,29,0.0793976728268309,0.9999099180254032,1.0,30,call,17.23,65
2026-03-12,666.06,O:SPY260410C00633000,633.0,2026-04-10,29,0.0793976728268309,0.9503648319971174,0.95,30,call,43.89,42
2026-03-12,666.06,O:SPY260410C00699000,699.0,2026-04-10,29,0.0793976728268309,1.049455004053689,1.05,30,call,2.54,201
2026-03-12,666.06,O:SPY260410P00600000,600.0,2026-04-10,29,0.0793976728268309,0.9008197459688316,0.9,30,put,3.7,213
2026-03-12,666.06,O:SPY260410P00565000,565.0,2026-04-10,29,0.0793976728268309,0.8482719274539832,0.85,30,put,1.82,27
2026-03-12,666.06,O:SPY260515C00666000,666.0,2026-05-15,64,0.1752224503764544,0.9999099180254032,1.0,60,call,25.1,92
2026-03-12,666.06,O:SPY260515P00666000,666.0,2026-05-15,64,0.1752224503764544,0.9999099180254032,1.0,60,put,22.63,73
2026-03-12,666.06,O:SPY260515C00699000,699.0,2026-05-15,64,0.1752224503764544,1.049455004053689,1.05,60,call,8.18,64
2026-03-12,666.06,O:SPY260515P00600000,600.0,2026-05-15,64,0.1752224503764544,0.9008197459688316,0.9,60,put,8.0,5917
2026-03-12,666.06,O:SPY260515P00565000,565.0,2026-05-15,64,0.1752224503764544,0.8482719274539832,0.85,60,put,4.77,82
2026-03-12,666.06,O:SPY260515P00635000,635.0,2026-05-15,64,0.1752224503764544,0.9533675644836802,0.95,60,put,13.72,3667
2026-03-12,666.06,O:SPY260515C00735000,735.0,2026-05-15,64,0.1752224503764544,1.1035041888118189,1.1,60,call,0.91,233
2026-03-12,666.06,O:SPY260831P00600000,600.0,2026-08-31,172,0.4709103353867214,0.9008197459688316,0.9,180,put,16.7,52
2026-03-12,666.06,O:SPY260618P00600000,600.0,2026-06-18,98,0.2683093771389459,0.9008197459688316,0.9,90,put,11.14,3808
2026-03-12,666.06,O:SPY260618P00700000,700.0,2026-06-18,98,0.2683093771389459,1.0509563702969704,1.05,90,put,42.68,678
2026-03-12,666.06,O:SPY260618C00700000,700.0,2026-06-18,98,0.2683093771389459,1.0509563702969704,1.05,90,call,12.57,1771
2026-03-12,666.06,O:SPY260618C00765000,765.0,2026-06-18,98,0.2683093771389459,1.1485451761102603,1.15,90,call,0.54,321
2026-03-12,666.06,O:SPY260618C00665000,665.0,2026-06-18,98,0.2683093771389459,0.9984085517821218,1.0,90,call,32.02,826
2026-03-12,666.06,O:SPY260618P00665000,665.0,2026-06-18,98,0.2683093771389459,0.9984085517821218,1.0,90,put,26.42,1066
2026-03-12,666.06,O:SPY260618P00565000,565.0,2026-06-18,98,0.2683093771389459,0.8482719274539832,0.85,90,put,7.22,249
2026-03-12,666.06,O:SPY260618P00635000,635.0,2026-06-18,98,0.2683093771389459,0.9533675644836802,0.95,90,put,17.38,1573
2026-03-12,666.06,O:SPY260618C00735000,735.0,2026-06-18,98,0.2683093771389459,1.1035041888118189,1.1,90,call,2.78,67
2026-03-13,662.29,O:SPY260410C00662000,662.0,2026-04-10,28,0.0766598220396988,0.999562125352942,1.0,30,call,16.88,398
2026-03-13,662.29,O:SPY260410P00662000,662.0,2026-04-10,28,0.0766598220396988,0.999562125352942,1.0,30,put,17.09,175
2026-03-13,662.29,O:SPY260410C00695000,695.0,2026-04-10,28,0.0766598220396988,1.049389240362983,1.05,30,call,2.42,1354
2026-03-13,662.29,O:SPY260410C00729000,729.0,2026-04-10,28,0.0766598220396988,1.100726267949086,1.1,30,call,0.08,58
2026-03-13,662.29,O:SPY260410P00595000,595.0,2026-04-10,28,0.0766598220396988,0.8983979827567984,0.9,30,put,3.47,130
2026-03-13,662.29,O:SPY260410P00565000,565.0,2026-04-10,28,0.0766598220396988,0.853100605474943,0.85,30,put,1.89,106
2026-03-13,662.29,O:SPY260515P00662000,662.0,2026-05-15,63,0.1724845995893223,0.999562125352942,1.0,60,put,23.02,83
2026-03-13,662.29,O:SPY260515C00662000,662.0,2026-05-15,63,0.1724845995893223,0.999562125352942,1.0,60,call,25.16,102
2026-03-13,662.29,O:SPY260515P00695000,695.0,2026-05-15,63,0.1724845995893223,1.049389240362983,1.05,60,put,39.26,33
2026-03-13,662.29,O:SPY260515C00695000,695.0,2026-05-15,63,0.1724845995893223,1.049389240362983,1.05,60,call,8.25,2037
2026-03-13,662.29,O:SPY260515P00630000,630.0,2026-05-15,63,0.1724845995893223,0.951244922918963,0.95,60,put,13.59,11088
2026-03-13,662.29,O:SPY260515P00595000,595.0,2026-05-15,63,0.1724845995893223,0.8983979827567984,0.9,60,put,7.77,268
2026-03-13,662.29,O:SPY260515C00595000,595.0,2026-05-15,63,0.1724845995893223,0.8983979827567984,0.9,60,call,77.5,72
2026-03-13,662.29,O:SPY260515C00730000,730.0,2026-05-15,63,0.1724845995893223,1.1022361805251475,1.1,60,call,1.07,210
2026-03-13,662.29,O:SPY260515C00760000,760.0,2026-05-15,63,0.1724845995893223,1.147533557807003,1.15,60,call,0.15,55
2026-03-13,662.29,O:SPY260515P00565000,565.0,2026-05-15,63,0.1724845995893223,0.853100605474943,0.85,60,put,4.91,509
2026-03-13,662.29,O:SPY260515C00565000,565.0,2026-05-15,63,0.1724845995893223,0.853100605474943,0.85,60,call,105.56,115
2026-03-13,662.29,O:SPY260618P00695000,695.0,2026-06-18,97,0.2655715263518138,1.049389240362983,1.05,90,put,42.43,648
2026-03-13,662.29,O:SPY260618C00695000,695.0,2026-06-18,97,0.2655715263518138,1.049389240362983,1.05,90,call,13.18,3581
2026-03-13,662.29,O:SPY260618P00630000,630.0,2026-06-18,97,0.2655715263518138,0.951244922918963,0.95,90,put,17.8,1052
2026-03-13,662.29,O:SPY260618C00630000,630.0,2026-06-18,97,0.2655715263518138,0.951244922918963,0.95,90,call,53.7,199
2026-03-13,662.29,O:SPY260618P00595000,595.0,2026-06-18,97,0.2655715263518138,0.8983979827567984,0.9,90,put,11.08,784
2026-03-13,662.29,O:SPY260618C00730000,730.0,2026-06-18,97,0.2655715263518138,1.1022361805251475,1.1,90,call,3.08,2576
2026-03-13,662.29,O:SPY260618P00730000,730.0,2026-06-18,97,0.2655715263518138,1.1022361805251475,1.1,90,put,70.26,1096
2026-03-13,662.29,O:SPY260618C00760000,760.0,2026-06-18,97,0.2655715263518138,1.147533557807003,1.15,90,call,0.62,107
2026-03-13,662.29,O:SPY260618P00565000,565.0,2026-06-18,97,0.2655715263518138,0.853100605474943,0.85,90,put,7.61,183
2026-03-13,662.29,O:SPY260618P00660000,660.0,2026-06-18,97,0.2655715263518138,0.9965423002008184,1.0,90,put,26.49,1549
2026-03-13,662.29,O:SPY260618C00660000,660.0,2026-06-18,97,0.2655715263518138,0.9965423002008184,1.0,90,call,32.32,136
2026-03-13,662.29,O:SPY260831P00662000,662.0,2026-08-31,171,0.4681724845995893,0.999562125352942,1.0,180,put,34.34,41
2026-03-13,662.29,O:SPY260918C00730000,730.0,2026-09-18,189,0.5174537987679672,1.1022361805251475,1.1,180,call,10.94,130
2026-03-13,662.29,O:SPY260918P00565000,565.0,2026-09-18,189,0.5174537987679672,0.853100605474943,0.85,180,put,13.54,327
2026-03-16,669.03,O:SPY260515P00669000,669.0,2026-05-15,60,0.164271047227926,0.9999551589614816,1.0,60,put,19.89,1129
2026-03-16,669.03,O:SPY260515C00669000,669.0,2026-05-15,60,0.164271047227926,0.9999551589614816,1.0,60,call,22.72,577
2026-03-16,669.03,O:SPY260515C00702000,702.0,2026-05-15,60,0.164271047227926,1.0492803013317789,1.05,60,call,6.07,36
2026-03-16,669.03,O:SPY260515P00635000,635.0,2026-05-15,60,0.164271047227926,0.949135315307236,0.95,60,put,10.71,604
2026-03-16,669.03,O:SPY260515C00735000,735.0,2026-05-15,60,0.164271047227926,1.0986054437020762,1.1,60,call,0.6,163
2026-03-16,669.03,O:SPY260515P00570000,570.0,2026-05-15,60,0.164271047227926,0.8519797318505897,0.85,60,put,3.63,202
2026-03-16,669.03,O:SPY260515P00600000,600.0,2026-05-15,60,0.164271047227926,0.8968207703690417,0.9,60,put,5.92,1983
2026-03-16,669.03,O:SPY260417C00669000,669.0,2026-04-17,32,0.0876112251882272,0.9999551589614816,1.0,30,call,16.05,3161
2026-03-16,669.03,O:SPY260417P00669000,669.0,2026-04-17,32,0.0876112251882272,0.9999551589614816,1.0,30,put,15.15,2365
2026-03-16,669.03,O:SPY260417P00636000,636.0,2026-04-17,32,0.0876112251882272,0.9506300165911844,0.95,30,put,6.66,22781
2026-03-16,669.03,O:SPY260417C00702000,702.0,2026-04-17,32,0.0876112251882272,1.0492803013317789,1.05,30,call,1.79,324
2026-03-16,669.03,O:SPY260417C00770000,770.0,2026-04-17,32,0.0876112251882272,1.1509199886402703,1.15,30,call,0.02,210
2026-03-16,669.03,O:SPY260417P00570000,570.0,2026-04-17,32,0.0876112251882272,0.8519797318505897,0.85,30,put,1.56,2750
2026-03-16,669.03,O:SPY260417C00600000,600.0,2026-04-17,32,0.0876112251882272,0.8968207703690417,0.9,30,call,73.6,86
2026-03-16,669.03,O:SPY260417P00600000,600.0,2026-04-17,32,0.0876112251882272,0.8968207703690417,0.9,30,put,2.8,11361
2026-03-16,669.03,O:SPY260618P00635000,635.0,2026-06-18,94,0.2573579739904175,0.949135315307236,0.95,90,put,15.14,131
2026-03-16,669.03,O:SPY260618C00770000,770.0,2026-06-18,94,0.2573579739904175,1.1509199886402703,1.15,90,call,0.35,250
2026-03-16,669.03,O:SPY260618C00735000,735.0,2026-06-18,94,0.2573579739904175,1.0986054437020762,1.1,90,call,2.36,285
2026-03-16,669.03,O:SPY260618C00670000,670.0,2026-06-18,94,0.2573579739904175,1.00144986024543,1.0,90,call,28.04,456
2026-03-16,669.03,O:SPY260618P00670000,670.0,2026-06-18,94,0.2573579739904175,1.00144986024543,1.0,90,put,24.75,2531
2026-03-16,669.03,O:SPY260618P00570000,570.0,2026-06-18,94,0.2573579739904175,0.8519797318505897,0.85,90,put,6.13,96
2026-03-16,669.03,O:SPY260618P00600000,600.0,2026-06-18,94,0.2573579739904175,0.8968207703690417,0.9,90,put,9.01,4196
2026-03-16,669.03,O:SPY260618P00700000,700.0,2026-06-18,94,0.2573579739904175,1.046290898763882,1.05,90,put,39.4,52
2026-03-16,669.03,O:SPY260618C00700000,700.0,2026-06-18,94,0.2573579739904175,1.046290898763882,1.05,90,call,11.74,3007
2026-03-16,669.03,O:SPY260918P00635000,635.0,2026-09-18,186,0.5092402464065708,0.949135315307236,0.95,180,put,23.86,97
2026-03-16,669.03,O:SPY260918C00735000,735.0,2026-09-18,186,0.5092402464065708,1.0986054437020762,1.1,180,call,10.1,1418
2026-03-16,669.03,O:SPY260918P00670000,670.0,2026-09-18,186,0.5092402464065708,1.00144986024543,1.0,180,put,33.98,935
2026-03-16,669.03,O:SPY260918C00670000,670.0,2026-09-18,186,0.5092402464065708,1.00144986024543,1.0,180,call,41.82,29
2026-03-16,669.03,O:SPY260918P00570000,570.0,2026-09-18,186,0.5092402464065708,0.8519797318505897,0.85,180,put,12.08,48
2026-03-16,669.03,O:SPY260918P00600000,600.0,2026-09-18,186,0.5092402464065708,0.8968207703690417,0.9,180,put,16.33,317
2026-03-16,669.03,O:SPY260918C00700000,700.0,2026-09-18,186,0.5092402464065708,1.046290898763882,1.05,180,call,24.18,148
2026-03-17,670.79,O:SPY260417P00570000,570.0,2026-04-17,31,0.0848733744010951,0.8497443313108425,0.85,30,put,1.29,1448
2026-03-17,670.79,O:SPY260515P00570000,570.0,2026-05-15,59,0.1615331964407939,0.8497443313108425,0.85,60,put,3.21,1316
2026-03-17,670.79,O:SPY260417P00671000,671.0,2026-04-17,31,0.0848733744010951,1.0003130637010094,1.0,30,put,14.25,1980
2026-03-17,670.79,O:SPY260515C00671000,671.0,2026-05-15,59,0.1615331964407939,1.0003130637010094,1.0,60,call,21.32,76
2026-03-17,670.79,O:SPY260515P00671000,671.0,2026-05-15,59,0.1615331964407939,1.0003130637010094,1.0,60,put,19.0,337
2026-03-17,670.79,O:SPY260417C00671000,671.0,2026-04-17,31,0.0848733744010951,1.0003130637010094,1.0,30,call,14.59,2492
2026-03-17,670.79,O:SPY260417P00637000,637.0,2026-04-17,31,0.0848733744010951,0.949626559728082,0.95,30,put,5.89,120
2026-03-17,670.79,O:SPY260417C00704000,704.0,2026-04-17,31,0.0848733744010951,1.0495087881453211,1.05,30,call,1.24,571
2026-03-17,670.79,O:SPY260515P00605000,605.0,2026-05-15,59,0.1615331964407939,0.9019216148123854,0.9,60,put,5.67,61
2026-03-17,670.79,O:SPY260417P00605000,605.0,2026-04-17,31,0.0848733744010951,0.9019216148123854,0.9,30,put,2.66,4188
2026-03-17,670.79,O:SPY260515C00770000,770.0,2026-05-15,59,0.1615331964407939,1.147900237033945,1.15,60,call,0.08,59
2026-03-17,670.79,O:SPY260515C00740000,740.0,2026-05-15,59,0.1615331964407939,1.1031768511754798,1.1,60,call,0.38,323
2026-03-17,670.79,O:SPY260515P00635000,635.0,2026-05-15,59,0.1615331964407939,0.9466450006708508,0.95,60,put,9.78,717
2026-03-17,670.79,O:SPY260618P00570000,570.0,2026-06-18,93,0.2546201232032854,0.8497443313108425,0.85,90,put,5.56,2055
2026-03-17,670.79,O:SPY260618C00705000,705.0,2026-06-18,93,0.2546201232032854,1.0509995676739368,1.05,90,call,9.41,421
2026-03-17,670.79,O:SPY260618C00670000,670.0,2026-06-18,93,0.2546201232032854,0.9988222841723938,1.0,90,call,28.3,472
2026-03-17,670.79,O:SPY260618P00670000,670.0,2026-06-18,93,0.2546201232032854,0.9988222841723938,1.0,90,put,23.09,2521
2026-03-17,670.79,O:SPY260618P00605000,605.0,2026-06-18,93,0.2546201232032854,0.9019216148123854,0.9,90,put,8.92,1176
2026-03-17,670.79,O:SPY260618C00770000,770.0,2026-06-18,93,0.2546201232032854,1.147900237033945,1.15,90,call,0.33,28
2026-03-17,670.79,O:SPY260618C00740000,740.0,2026-06-18,93,0.2546201232032854,1.1031768511754798,1.1,90,call,1.61,113
2026-03-17,670.79,O:SPY260618P00635000,635.0,2026-06-18,93,0.2546201232032854,0.9466450006708508,0.95,90,put,13.84,152
2026-03-17,670.79,O:SPY260918P00705000,705.0,2026-09-18,185,0.5065023956194388,1.0509995676739368,1.05,180,put,47.65,47
2026-03-17,670.79,O:SPY260918C00705000,705.0,2026-09-18,185,0.5065023956194388,1.0509995676739368,1.05,180,call,21.78,75
2026-03-17,670.79,O:SPY260918C00670000,670.0,2026-09-18,185,0.5065023956194388,0.9988222841723938,1.0,180,call,42.4,157
2026-03-17,670.79,O:SPY260918P00670000,670.0,2026-09-18,185,0.5065023956194388,0.9988222841723938,1.0,180,put,32.69,229
2026-03-17,670.79,O:SPY260918C00740000,740.0,2026-09-18,185,0.5065023956194388,1.1031768511754798,1.1,180,call,8.37,1409
2026-03-17,670.79,O:SPY260918P00635000,635.0,2026-09-18,185,0.5065023956194388,0.9466450006708508,0.95,180,put,22.2,52
2026-03-18,657.9335327148438,O:SPY260417P00625000,625.0,2026-04-17,30,0.082135523613963,0.949943982063128,0.95,30,put,6.7,6234
2026-03-18,657.9335327148438,O:SPY260417C00625000,625.0,2026-04-17,30,0.082135523613963,0.949943982063128,0.95,30,call,42.55,40
2026-03-18,657.9335327148438,O:SPY260417P00658000,658.0,2026-04-17,30,0.082135523613963,1.0001010243160613,1.0,30,put,14.77,1104
2026-03-18,657.9335327148438,O:SPY260417C00691000,691.0,2026-04-17,30,0.082135523613963,1.0502580665689945,1.05,30,call,2.57,324
2026-03-18,657.9335327148438,O:SPY260417C00724000,724.0,2026-04-17,30,0.082135523613963,1.1004151088219276,1.1,30,call,0.1,44
2026-03-18,657.9335327148438,O:SPY260417P00560000,560.0,2026-04-17,30,0.082135523613963,0.8511498079285628,0.85,30,put,1.52,1027
2026-03-18,657.9335327148438,O:SPY260417P00590000,590.0,2026-04-17,30,0.082135523613963,0.8967471190675929,0.9,30,put,2.95,1383
2026-03-18,657.9335327148438,O:SPY260618P00625000,625.0,2026-06-18,92,0.2518822724161533,0.949943982063128,0.95,90,put,15.2,210
2026-03-18,657.9335327148438,O:SPY260515P00625000,625.0,2026-05-15,58,0.1587953456536618,0.949943982063128,0.95,60,put,11.36,1289
2026-03-18,657.9335327148438,O:SPY260515P00658000,658.0,2026-05-15,58,0.1587953456536618,1.0001010243160613,1.0,60,put,20.07,419
2026-03-18,657.9335327148438,O:SPY260515C00691000,691.0,2026-05-15,58,0.1587953456536618,1.0502580665689945,1.05,60,call,7.5,25
2026-03-18,657.9335327148438,O:SPY260515P00560000,560.0,2026-05-15,58,0.1587953456536618,0.8511498079285628,0.85,60,put,3.58,771
2026-03-18,657.9335327148438,O:SPY260618P00560000,560.0,2026-06-18,92,0.2518822724161533,0.8511498079285628,0.85,90,put,6.48,2569
2026-03-18,657.9335327148438,O:SPY260618C00690000,690.0,2026-06-18,92,0.2518822724161533,1.0487381561976934,1.05,90,call,12.91,395
2026-03-18,657.9335327148438,O:SPY260618P00690000,690.0,2026-06-18,92,0.2518822724161533,1.0487381561976934,1.05,90,put,39.0,227
2026-03-18,657.9335327148438,O:SPY260515C00725000,725.0,2026-05-15,58,0.1587953456536618,1.1019350191932284,1.1,60,call,0.78,360
2026-03-18,657.9335327148438,O:SPY260618C00725000,725.0,2026-06-18,92,0.2518822724161533,1.1019350191932284,1.1,90,call,2.71,1343
2026-03-18,657.9335327148438,O:SPY260515C00755000,755.0,2026-05-15,58,0.1587953456536618,1.1475323303322589,1.15,60,call,0.11,62
2026-03-18,657.9335327148438,O:SPY260618C00755000,755.0,2026-06-18,92,0.2518822724161533,1.1475323303322589,1.15,90,call,0.54,51
2026-03-18,657.9335327148438,O:SPY260618P00660000,660.0,2026-06-18,92,0.2518822724161533,1.0031408450586632,1.0,90,put,25.28,1405
2026-03-18,657.9335327148438,O:SPY260618C00660000,660.0,2026-06-18,92,0.2518822724161533,1.0031408450586632,1.0,90,call,29.76,509
2026-03-18,657.9335327148438,O:SPY260618P00590000,590.0,2026-06-18,92,0.2518822724161533,0.8967471190675929,0.9,90,put,9.3,245
2026-03-18,657.9335327148438,O:SPY260515P00590000,590.0,2026-05-15,58,0.1587953456536618,0.8967471190675929,0.9,60,put,6.02,1235
2026-03-18,657.9335327148438,O:SPY260918P00625000,625.0,2026-09-18,184,0.5037645448323066,0.949943982063128,0.95,180,put,23.63,31
2026-03-18,657.9335327148438,O:SPY260918C00690000,690.0,2026-09-18,184,0.5037645448323066,1.0487381561976934,1.05,180,call,26.24,310
2026-03-18,657.9335327148438,O:SPY260918C00725000,725.0,2026-09-18,184,0.5037645448323066,1.1019350191932284,1.1,180,call,10.81,5129
2026-03-18,657.9335327148438,O:SPY260918C00755000,755.0,2026-09-18,184,0.5037645448323066,1.1475323303322589,1.15,180,call,4.58,304
2026-03-18,657.9335327148438,O:SPY260918P00660000,660.0,2026-09-18,184,0.5037645448323066,1.0031408450586632,1.0,180,put,34.68,329
2026-03-18,657.9335327148438,O:SPY260918C00660000,660.0,2026-09-18,184,0.5037645448323066,1.0031408450586632,1.0,180,call,43.78,520
2026-03-18,657.9335327148438,O:SPY260918P00590000,590.0,2026-09-18,184,0.5037645448323066,0.8967471190675929,0.9,180,put,16.55,149
2026-03-19,656.3121337890625,O:SPY260417C00722000,722.0,2026-04-17,29,0.0793976728268309,1.1000863199522215,1.1,30,call,0.09,25
2026-03-19,656.3121337890625,O:SPY260417C00689000,689.0,2026-04-17,29,0.0793976728268309,1.049805366270195,1.05,30,call,2.58,1519
2026-03-19,656.3121337890625,O:SPY260618C00755000,755.0,2026-06-18,91,0.2491444216290212,1.1503672736342485,1.15,90,call,0.42,35
2026-03-19,656.3121337890625,O:SPY260417C00755000,755.0,2026-04-17,29,0.0793976728268309,1.1503672736342485,1.15,30,call,0.02,52
2026-03-19,656.3121337890625,O:SPY260417C00656000,656.0,2026-04-17,29,0.0793976728268309,0.9995244125881684,1.0,30,call,18.35,1011
2026-03-19,656.3121337890625,O:SPY260417P00656000,656.0,2026-04-17,29,0.0793976728268309,0.9995244125881684,1.0,30,put,13.78,840
2026-03-19,656.3121337890625,O:SPY260618P00590000,590.0,2026-06-18,91,0.2491444216290212,0.8989625052241148,0.9,90,put,9.21,332
2026-03-19,656.3121337890625,O:SPY260417P00590000,590.0,2026-04-17,29,0.0793976728268309,0.8989625052241148,0.9,30,put,2.58,2832
2026-03-19,656.3121337890625,O:SPY260618C00690000,690.0,2026-06-18,91,0.2491444216290212,1.0513290315332868,1.05,90,call,12.14,1143
2026-03-19,656.3121337890625,O:SPY260618P00690000,690.0,2026-06-18,91,0.2491444216290212,1.0513290315332868,1.05,90,put,38.96,607
2026-03-19,656.3121337890625,O:SPY260618C00655000,655.0,2026-06-18,91,0.2491444216290212,0.9980007473250766,1.0,90,call,32.21,444
2026-03-19,656.3121337890625,O:SPY260618P00655000,655.0,2026-06-18,91,0.2491444216290212,0.9980007473250766,1.0,90,put,22.89,962
2026-03-19,656.3121337890625,O:SPY260618C00625000,625.0,2026-06-18,91,0.2491444216290212,0.9522907894323248,0.95,90,call,51.94,29
2026-03-19,656.3121337890625,O:SPY260618P00625000,625.0,2026-06-18,91,0.2491444216290212,0.9522907894323248,0.95,90,put,14.91,867
2026-03-19,656.3121337890625,O:SPY260417P00625000,625.0,2026-04-17,29,0.0793976728268309,0.9522907894323248,0.95,30,put,5.92,41349
2026-03-19,656.3121337890625,O:SPY260618C00720000,720.0,2026-06-18,91,0.2491444216290212,1.0970389894260384,1.1,90,call,3.14,893
2026-03-19,656.3121337890625,O:SPY260618P00560000,560.0,2026-06-18,91,0.2491444216290212,0.8532525473313631,0.85,90,put,6.11,5593
2026-03-19,656.3121337890625,O:SPY260417P00560000,560.0,2026-04-17,29,0.0793976728268309,0.8532525473313631,0.85,30,put,1.37,1364
2026-03-19,656.3121337890625,O:SPY260515C00689000,689.0,2026-05-15,57,0.1560574948665297,1.049805366270195,1.05,60,call,7.28,46
2026-03-19,656.3121337890625,O:SPY260515C00656000,656.0,2026-05-15,57,0.1560574948665297,0.9995244125881684,1.0,60,call,25.15,168
2026-03-19,656.3121337890625,O:SPY260515P00656000,656.0,2026-05-15,57,0.1560574948665297,0.9995244125881684,1.0,60,put,18.57,493
2026-03-19,656.3121337890625,O:SPY260918P00590000,590.0,2026-09-18,183,0.5010266940451745,0.8989625052241148,0.9,180,put,16.62,163
2026-03-19,656.3121337890625,O:SPY260515P00590000,590.0,2026-05-15,57,0.1560574948665297,0.8989625052241148,0.9,60,put,5.66,532
2026-03-19,656.3121337890625,O:SPY260918C00690000,690.0,2026-09-18,183,0.5010266940451745,1.0513290315332868,1.05,180,call,25.33,218
2026-03-19,656.3121337890625,O:SPY260918P00690000,690.0,2026-09-18,183,0.5010266940451745,1.0513290315332868,1.05,180,put,45.54,56
2026-03-19,656.3121337890625,O:SPY260918P00655000,655.0,2026-09-18,183,0.5010266940451745,0.9980007473250766,1.0,180,put,32.55,148
2026-03-19,656.3121337890625,O:SPY260918C00655000,655.0,2026-09-18,183,0.5010266940451745,0.9980007473250766,1.0,180,call,45.94,38
2026-03-19,656.3121337890625,O:SPY260918P00625000,625.0,2026-09-18,183,0.5010266940451745,0.9522907894323248,0.95,180,put,23.56,236
2026-03-19,656.3121337890625,O:SPY260515P00625000,625.0,2026-05-15,57,0.1560574948665297,0.9522907894323248,0.95,60,put,10.47,13087
2026-03-19,656.3121337890625,O:SPY260515C00720000,720.0,2026-05-15,57,0.1560574948665297,1.0970389894260384,1.1,60,call,0.95,373
2026-03-19,656.3121337890625,O:SPY260918C00720000,720.0,2026-09-18,183,0.5010266940451745,1.0970389894260384,1.1,180,call,12.15,39
2026-03-19,656.3121337890625,O:SPY260515P00560000,560.0,2026-05-15,57,0.1560574948665297,0.8532525473313631,0.85,60,put,3.46,248
2026-03-19,656.3121337890625,O:SPY260918P00560000,560.0,2026-09-18,183,0.5010266940451745,0.8532525473313631,0.85,180,put,11.82,40
2026-03-20,646.9034423828125,O:SPY260618C00550000,550.0,2026-06-18,90,0.2464065708418891,0.8502041633510604,0.85,90,call,108.86,166
2026-03-20,646.9034423828125,O:SPY260618P00550000,550.0,2026-06-18,90,0.2464065708418891,0.8502041633510604,0.85,90,put,6.45,4798
2026-03-20,646.9034423828125,O:SPY260618P00615000,615.0,2026-06-18,90,0.2464065708418891,0.9506828372016404,0.95,90,put,15.83,547
2026-03-20,646.9034423828125,O:SPY260618C00680000,680.0,2026-06-18,90,0.2464065708418891,1.05116151105222,1.05,90,call,14.38,1135
2026-03-20,646.9034423828125,O:SPY260618P00680000,680.0,2026-06-18,90,0.2464065708418891,1.05116151105222,1.05,90,put,40.48,406
2026-03-20,646.9034423828125,O:SPY260618C00745000,745.0,2026-06-18,90,0.2464065708418891,1.1516401849028,1.15,90,call,0.63,28
2026-03-20,646.9034423828125,O:SPY260618C00710000,710.0,2026-06-18,90,0.2464065708418891,1.0975362835986415,1.1,90,call,4.25,702
2026-03-20,646.9034423828125,O:SPY260618P00710000,710.0,2026-06-18,90,0.2464065708418891,1.0975362835986415,1.1,90,put,63.97,78
2026-03-20,646.9034423828125,O:SPY260618P00645000,645.0,2026-06-18,90,0.2464065708418891,0.9970576097480616,1.0,90,put,24.81,776
2026-03-20,646.9034423828125,O:SPY260618C00645000,645.0,2026-06-18,90,0.2464065708418891,0.9970576097480616,1.0,90,call,34.21,159
2026-03-20,646.9034423828125,O:SPY260618P00580000,580.0,2026-06-18,90,0.2464065708418891,0.8965789358974818,0.9,90,put,9.9,243
2026-03-20,646.9034423828125,O:SPY260417C00744000,744.0,2026-04-17,28,0.0766598220396988,1.150094359151253,1.15,30,call,0.03,100
2026-03-20,646.9034423828125,O:SPY260417P00647000,647.0,2026-04-17,28,0.0766598220396988,1.0001492612511564,1.0,30,put,14.67,9064
2026-03-20,646.9034423828125,O:SPY260417C00647000,647.0,2026-04-17,28,0.0766598220396988,1.0001492612511564,1.0,30,call,19.0,348
2026-03-20,646.9034423828125,O:SPY260417P00550000,550.0,2026-04-17,28,0.0766598220396988,0.8502041633510604,0.85,30,put,1.59,1804
2026-03-20,646.9034423828125,O:SPY260918C00550000,550.0,2026-09-18,182,0.4982888432580424,0.8502041633510604,0.85,180,call,121.0,109
2026-03-20,646.9034423828125,O:SPY260918P00550000,550.0,2026-09-18,182,0.4982888432580424,0.8502041633510604,0.85,180,put,12.4,192
2026-03-20,646.9034423828125,O:SPY260417P00679000,679.0,2026-04-17,28,0.0766598220396988,1.0496156853006728,1.05,30,put,33.01,261
2026-03-20,646.9034423828125,O:SPY260417C00679000,679.0,2026-04-17,28,0.0766598220396988,1.0496156853006728,1.05,30,call,3.9,652
2026-03-20,646.9034423828125,O:SPY260417C00712000,712.0,2026-04-17,28,0.0766598220396988,1.1006279351017365,1.1,30,call,0.13,281
2026-03-20,646.9034423828125,O:SPY260918P00615000,615.0,2026-09-18,182,0.4982888432580424,0.9506828372016404,0.95,180,put,26.52,64
2026-03-20,646.9034423828125,O:SPY260417C00615000,615.0,2026-04-17,28,0.0766598220396988,0.9506828372016404,0.95,30,call,41.64,45
2026-03-20,646.9034423828125,O:SPY260417P00615000,615.0,2026-04-17,28,0.0766598220396988,0.9506828372016404,0.95,30,put,6.47,12210
2026-03-20,646.9034423828125,O:SPY260918C00615000,615.0,2026-09-18,182,0.4982888432580424,0.9506828372016404,0.95,180,call,68.03,59
2026-03-20,646.9034423828125,O:SPY260918C00680000,680.0,2026-09-18,182,0.4982888432580424,1.05116151105222,1.05,180,call,27.29,493
2026-03-20,646.9034423828125,O:SPY260918P00680000,680.0,2026-09-18,182,0.4982888432580424,1.05116151105222,1.05,180,put,48.67,159
2026-03-20,646.9034423828125,O:SPY260918C00745000,745.0,2026-09-18,182,0.4982888432580424,1.1516401849028,1.15,180,call,4.56,59
2026-03-20,646.9034423828125,O:SPY260918C00710000,710.0,2026-09-18,182,0.4982888432580424,1.0975362835986415,1.1,180,call,13.46,551
2026-03-20,646.9034423828125,O:SPY260918P00645000,645.0,2026-09-18,182,0.4982888432580424,0.9970576097480616,1.0,180,put,34.08,442
2026-03-20,646.9034423828125,O:SPY260417P00580000,580.0,2026-04-17,28,0.0766598220396988,0.8965789358974818,0.9,30,put,2.79,2297
2026-03-20,646.9034423828125,O:SPY260918P00580000,580.0,2026-09-18,182,0.4982888432580424,0.8965789358974818,0.9,180,put,17.42,202
2026-03-20,646.9034423828125,O:SPY260515P00550000,550.0,2026-05-15,56,0.1533196440793976,0.8502041633510604,0.85,60,put,3.81,16903
2026-03-20,646.9034423828125,O:SPY260515C00679000,679.0,2026-05-15,56,0.1533196440793976,1.0496156853006728,1.05,60,call,8.88,152
2026-03-20,646.9034423828125,O:SPY260515P00679000,679.0,2026-05-15,56,0.1533196440793976,1.0496156853006728,1.05,60,put,36.5,25
2026-03-20,646.9034423828125,O:SPY260515C00712000,712.0,2026-05-15,56,0.1533196440793976,1.1006279351017365,1.1,60,call,1.27,252
2026-03-20,646.9034423828125,O:SPY260515P00615000,615.0,2026-05-15,56,0.1533196440793976,0.9506828372016404,0.95,60,put,11.35,2796
2026-03-20,646.9034423828125,O:SPY260515C00745000,745.0,2026-05-15,56,0.1533196440793976,1.1516401849028,1.15,60,call,0.16,85
2026-03-20,646.9034423828125,O:SPY260515P00645000,645.0,2026-05-15,56,0.1533196440793976,0.9970576097480616,1.0,60,put,19.31,1005
2026-03-20,646.9034423828125,O:SPY260515C00645000,645.0,2026-05-15,56,0.1533196440793976,0.9970576097480616,1.0,60,call,27.98,821
2026-03-20,646.9034423828125,O:SPY260515P00580000,580.0,2026-05-15,56,0.1533196440793976,0.8965789358974818,0.9,60,put,6.12,4739
2026-03-23,653.6959228515625,O:SPY260918C00720000,720.0,2026-09-18,179,0.4900752908966461,1.101429540602311,1.1,180,call,11.15,1663
2026-03-23,653.6959228515625,O:SPY260918P00720000,720.0,2026-09-18,179,0.4900752908966461,1.101429540602311,1.1,180,put,63.3,757
2026-03-23,653.6959228515625,O:SPY260918P00620000,620.0,2026-09-18,179,0.4900752908966461,0.9484532155186564,0.95,180,put,22.66,310
2026-03-23,653.6959228515625,O:SPY260918P00655000,655.0,2026-09-18,179,0.4900752908966461,1.001994929297935,1.0,180,put,33.62,146
2026-03-23,653.6959228515625,O:SPY260918C00655000,655.0,2026-09-18,179,0.4900752908966461,1.001994929297935,1.0,180,call,45.51,150
2026-03-23,653.6959228515625,O:SPY260918P00685000,685.0,2026-09-18,179,0.4900752908966461,1.0478878268230316,1.05,180,put,45.83,49
2026-03-23,653.6959228515625,O:SPY260918C00685000,685.0,2026-09-18,179,0.4900752908966461,1.0478878268230316,1.05,180,call,27.68,2777
2026-03-23,653.6959228515625,O:SPY260918P00590000,590.0,2026-09-18,179,0.4900752908966461,0.9025603179935602,0.9,180,put,16.64,109
2026-03-23,653.6959228515625,O:SPY260918P00750000,750.0,2026-09-18,179,0.4900752908966461,1.147322438127407,1.15,180,put,88.84,117
2026-03-23,653.6959228515625,O:SPY260918C00750000,750.0,2026-09-18,179,0.4900752908966461,1.147322438127407,1.15,180,call,4.1,609
2026-03-23,653.6959228515625,O:SPY260424P00621000,621.0,2026-04-24,32,0.0876112251882272,0.949982978769493,0.95,30,put,6.36,32
2026-03-23,653.6959228515625,O:SPY260424C00654000,654.0,2026-04-24,32,0.0876112251882272,1.000465166047099,1.0,30,call,19.0,266
2026-03-23,653.6959228515625,O:SPY260424P00654000,654.0,2026-04-24,32,0.0876112251882272,1.000465166047099,1.0,30,put,15.4,211
2026-03-23,653.6959228515625,O:SPY260424C00686000,686.0,2026-04-24,32,0.0876112251882272,1.0494175900738685,1.05,30,call,3.51,206
2026-03-23,653.6959228515625,O:SPY260424P00555000,555.0,2026-04-24,32,0.0876112251882272,0.8490186042142811,0.85,30,put,1.73,72
2026-03-23,653.6959228515625,O:SPY260424P00590000,590.0,2026-04-24,32,0.0876112251882272,0.9025603179935602,0.9,30,put,3.15,1486
2026-03-23,653.6959228515625,O:SPY260618P00555000,555.0,2026-06-18,87,0.2381930184804928,0.8490186042142811,0.85,90,put,5.83,200
2026-03-23,653.6959228515625,O:SPY260618P00720000,720.0,2026-06-18,87,0.2381930184804928,1.101429540602311,1.1,90,put,58.41,110
2026-03-23,653.6959228515625,O:SPY260618C00720000,720.0,2026-06-18,87,0.2381930184804928,1.101429540602311,1.1,90,call,2.67,1609
2026-03-23,653.6959228515625,O:SPY260618P00620000,620.0,2026-06-18,87,0.2381930184804928,0.9484532155186564,0.95,90,put,14.89,1556
2026-03-23,653.6959228515625,O:SPY260618C00655000,655.0,2026-06-18,87,0.2381930184804928,1.001994929297935,1.0,90,call,30.24,668
2026-03-23,653.6959228515625,O:SPY260618P00655000,655.0,2026-06-18,87,0.2381930184804928,1.001994929297935,1.0,90,put,24.49,1221
2026-03-23,653.6959228515625,O:SPY260618P00685000,685.0,2026-06-18,87,0.2381930184804928,1.0478878268230316,1.05,90,put,36.2,311
2026-03-23,653.6959228515625,O:SPY260618C00685000,685.0,2026-06-18,87,0.2381930184804928,1.0478878268230316,1.05,90,call,12.8,488
2026-03-23,653.6959228515625,O:SPY260618P00590000,590.0,2026-06-18,87,0.2381930184804928,0.9025603179935602,0.9,90,put,9.54,3685
2026-03-23,653.6959228515625,O:SPY260618C00750000,750.0,2026-06-18,87,0.2381930184804928,1.147322438127407,1.15,90,call,0.53,13741
2026-03-23,653.6959228515625,O:SPY260515C00654000,654.0,2026-05-15,53,0.1451060917180013,1.000465166047099,1.0,60,call,24.0,153
2026-03-23,653.6959228515625,O:SPY260515P00654000,654.0,2026-05-15,53,0.1451060917180013,1.000465166047099,1.0,60,put,18.22,726
2026-03-23,653.6959228515625,O:SPY260515C00686000,686.0,2026-05-15,53,0.1451060917180013,1.0494175900738685,1.05,60,call,7.76,222
2026-03-23,653.6959228515625,O:SPY260515P00750000,750.0,2026-05-15,53,0.1451060917180013,1.147322438127407,1.15,60,put,91.83,57
2026-03-23,653.6959228515625,O:SPY260515C00750000,750.0,2026-05-15,53,0.1451060917180013,1.147322438127407,1.15,60,call,0.12,121
2026-03-24,651.5015869140625,O:SPY260424C00684000,684.0,2026-04-24,31,0.0848733744010951,1.0498823237559116,1.05,30,call,3.92,159
2026-03-24,651.5015869140625,O:SPY260424C00652000,652.0,2026-04-24,31,0.0848733744010951,1.0007650220597286,1.0,30,call,18.83,491
2026-03-24,651.5015869140625,O:SPY260424P00652000,652.0,2026-04-24,31,0.0848733744010951,1.0007650220597286,1.0,30,put,15.59,1409
2026-03-24,651.5015869140625,O:SPY260424P00555000,555.0,2026-04-24,31,0.0848733744010951,0.8518782012931739,0.85,30,put,1.97,263
2026-03-24,651.5015869140625,O:SPY260424P00585000,585.0,2026-04-24,31,0.0848733744010951,0.8979256716333455,0.9,30,put,3.41,53
2026-03-24,651.5015869140625,O:SPY260918P00750000,750.0,2026-09-18,178,0.487337440109514,1.1511867585042892,1.15,180,put,97.25,113
2026-03-24,651.5015869140625,O:SPY260918C00750000,750.0,2026-09-18,178,0.487337440109514,1.1511867585042892,1.15,180,call,3.74,291
2026-03-24,651.5015869140625,O:SPY260918C00685000,685.0,2026-09-18,178,0.487337440109514,1.0514172394339174,1.05,180,call,25.67,3105
2026-03-24,651.5015869140625,O:SPY260918P00620000,620.0,2026-09-18,178,0.487337440109514,0.9516477203635456,0.95,180,put,24.3,222
2026-03-24,651.5015869140625,O:SPY260918P00555000,555.0,2026-09-18,178,0.487337440109514,0.8518782012931739,0.85,180,put,12.25,30
2026-03-24,651.5015869140625,O:SPY260918P00585000,585.0,2026-09-18,178,0.487337440109514,0.8979256716333455,0.9,180,put,16.14,841
2026-03-24,651.5015869140625,O:SPY260918P00650000,650.0,2026-09-18,178,0.487337440109514,0.9976951907037171,1.0,180,put,33.0,846
2026-03-24,651.5015869140625,O:SPY260918C00650000,650.0,2026-09-18,178,0.487337440109514,0.9976951907037171,1.0,180,call,46.55,41
2026-03-24,651.5015869140625,O:SPY260918C00715000,715.0,2026-09-18,178,0.487337440109514,1.097464709774089,1.1,180,call,11.95,6020
2026-03-24,651.5015869140625,O:SPY260618C00750000,750.0,2026-06-18,86,0.2354551676933607,1.1511867585042892,1.15,90,call,0.47,1187
2026-03-24,651.5015869140625,O:SPY260618P00685000,685.0,2026-06-18,86,0.2354551676933607,1.0514172394339174,1.05,90,put,38.48,50
2026-03-24,651.5015869140625,O:SPY260618C00685000,685.0,2026-06-18,86,0.2354551676933607,1.0514172394339174,1.05,90,call,12.0,736
2026-03-24,651.5015869140625,O:SPY260618P00620000,620.0,2026-06-18,86,0.2354551676933607,0.9516477203635456,0.95,90,put,15.23,2453
2026-03-24,651.5015869140625,O:SPY260618C00620000,620.0,2026-06-18,86,0.2354551676933607,0.9516477203635456,0.95,90,call,54.64,70
2026-03-24,651.5015869140625,O:SPY260618P00555000,555.0,2026-06-18,86,0.2354551676933607,0.8518782012931739,0.85,90,put,6.21,62
2026-03-24,651.5015869140625,O:SPY260618P00585000,585.0,2026-06-18,86,0.2354551676933607,0.8979256716333455,0.9,90,put,9.3,150
2026-03-24,651.5015869140625,O:SPY260618P00650000,650.0,2026-06-18,86,0.2354551676933607,0.9976951907037171,1.0,90,put,23.52,3247
2026-03-24,651.5015869140625,O:SPY260618C00650000,650.0,2026-06-18,86,0.2354551676933607,0.9976951907037171,1.0,90,call,32.13,229
2026-03-24,651.5015869140625,O:SPY260618C00715000,715.0,2026-06-18,86,0.2354551676933607,1.097464709774089,1.1,90,call,2.99,426
2026-03-24,651.5015869140625,O:SPY260529C00717000,717.0,2026-05-29,66,0.1806981519507187,1.1005345411301004,1.1,60,call,1.53,188
2026-03-24,651.5015869140625,O:SPY260529P00652000,652.0,2026-05-29,66,0.1806981519507187,1.0007650220597286,1.0,60,put,21.63,75
2026-03-24,651.5015869140625,O:SPY260529P00585000,585.0,2026-05-29,66,0.1806981519507187,0.8979256716333455,0.9,60,put,7.32,58
2026-03-25,655.1322021484375,O:SPY260424C00688000,688.0,2026-04-24,30,0.082135523613963,1.050169718026035,1.05,30,call,2.63,62
2026-03-25,655.1322021484375,O:SPY260424P00655000,655.0,2026-04-24,30,0.082135523613963,0.9997982053881584,1.0,30,put,14.65,515
2026-03-25,655.1322021484375,O:SPY260424C00655000,655.0,2026-04-24,30,0.082135523613963,0.9997982053881584,1.0,30,call,18.44,1338
2026-03-25,655.1322021484375,O:SPY260424P00590000,590.0,2026-04-24,30,0.082135523613963,0.9005815895862801,0.9,30,put,2.96,166
2026-03-25,655.1322021484375,O:SPY260424C00720000,720.0,2026-04-24,30,0.082135523613963,1.0990148211900366,1.1,30,call,0.13,49
2026-03-25,655.1322021484375,O:SPY260424C00755000,755.0,2026-04-24,30,0.082135523613963,1.1524391527756634,1.15,30,call,0.04,221
2026-03-25,655.1322021484375,O:SPY260424P00555000,555.0,2026-04-24,30,0.082135523613963,0.8471572580006532,0.85,30,put,1.53,110
2026-03-25,655.1322021484375,O:SPY260918C00655000,655.0,2026-09-18,177,0.4845995893223819,0.9997982053881584,1.0,180,call,44.7,28
2026-03-25,655.1322021484375,O:SPY260918P00655000,655.0,2026-09-18,177,0.4845995893223819,0.9997982053881584,1.0,180,put,33.24,184
2026-03-25,655.1322021484375,O:SPY260918P00590000,590.0,2026-09-18,177,0.4845995893223819,0.9005815895862801,0.9,180,put,16.7,895
2026-03-25,655.1322021484375,O:SPY260918C00755000,755.0,2026-09-18,177,0.4845995893223819,1.1524391527756634,1.15,180,call,3.27,290
2026-03-25,655.1322021484375,O:SPY260918P00555000,555.0,2026-09-18,177,0.4845995893223819,0.8471572580006532,0.85,180,put,11.3,37
2026-03-25,655.1322021484375,O:SPY260918C00690000,690.0,2026-09-18,177,0.4845995893223819,1.053222536973785,1.05,180,call,23.72,225
2026-03-25,655.1322021484375,O:SPY260918P00620000,620.0,2026-09-18,177,0.4845995893223819,0.9463738738025316,0.95,180,put,22.64,118
2026-03-25,655.1322021484375,O:SPY260618P00655000,655.0,2026-06-18,85,0.2327173169062286,0.9997982053881584,1.0,90,put,23.26,910
2026-03-25,655.1322021484375,O:SPY260529P00655000,655.0,2026-05-29,65,0.1779603011635865,0.9997982053881584,1.0,60,put,20.45,221
2026-03-25,655.1322021484375,O:SPY260618C00655000,655.0,2026-06-18,85,0.2327173169062286,0.9997982053881584,1.0,90,call,30.46,121
2026-03-25,655.1322021484375,O:SPY260529C00655000,655.0,2026-05-29,65,0.1779603011635865,0.9997982053881584,1.0,60,call,26.8,361
2026-03-25,655.1322021484375,O:SPY260529P00590000,590.0,2026-05-29,65,0.1779603011635865,0.9005815895862801,0.9,60,put,6.82,101
2026-03-25,655.1322021484375,O:SPY260618P00590000,590.0,2026-06-18,85,0.2327173169062286,0.9005815895862801,0.9,90,put,8.99,473
2026-03-25,655.1322021484375,O:SPY260618C00720000,720.0,2026-06-18,85,0.2327173169062286,1.0990148211900366,1.1,90,call,2.4,979
2026-03-25,655.1322021484375,O:SPY260618C00755000,755.0,2026-06-18,85,0.2327173169062286,1.1524391527756634,1.15,90,call,0.39,40
2026-03-25,655.1322021484375,O:SPY260618P00555000,555.0,2026-06-18,85,0.2327173169062286,0.8471572580006532,0.85,90,put,5.55,115
2026-03-25,655.1322021484375,O:SPY260618C00690000,690.0,2026-06-18,85,0.2327173169062286,1.053222536973785,1.05,90,call,10.84,561
2026-03-25,655.1322021484375,O:SPY260618P00690000,690.0,2026-06-18,85,0.2327173169062286,1.053222536973785,1.05,90,put,39.42,190
2026-03-25,655.1322021484375,O:SPY260618P00620000,620.0,2026-06-18,85,0.2327173169062286,0.9463738738025316,0.95,90,put,13.92,522
2026-03-26,643.432373046875,O:SPY260424C00708000,708.0,2026-04-24,29,0.0793976728268309,1.1003487385121375,1.1,30,call,0.18,120
2026-03-26,643.432373046875,O:SPY260424P00611000,611.0,2026-04-24,29,0.0793976728268309,0.9495947446764352,0.95,30,put,7.2,70
2026-03-26,643.432373046875,O:SPY260424C00676000,676.0,2026-04-24,29,0.0793976728268309,1.0506154621952049,1.05,30,call,4.86,161
2026-03-26,643.432373046875,O:SPY260424P00643000,643.0,2026-04-24,29,0.0793976728268309,0.9993280209933678,1.0,30,put,14.0,147
2026-03-26,643.432373046875,O:SPY260424C00643000,643.0,2026-04-24,29,0.0793976728268309,0.9993280209933678,1.0,30,call,21.09,264
2026-03-26,643.432373046875,O:SPY260424P00580000,580.0,2026-04-24,29,0.0793976728268309,0.9014156332444064,0.9,30,put,3.53,555
2026-03-26,643.432373046875,O:SPY260918C00740000,740.0,2026-09-18,176,0.4818617385352498,1.1500820148290702,1.15,180,call,4.13,90
2026-03-26,643.432373046875,O:SPY260529C00676000,676.0,2026-05-29,64,0.1752224503764544,1.0506154621952049,1.05,60,call,10.35,177
2026-03-26,643.432373046875,O:SPY260918C00675000,675.0,2026-09-18,176,0.4818617385352498,1.0490612973103006,1.05,180,call,27.0,245
2026-03-26,643.432373046875,O:SPY260918P00580000,580.0,2026-09-18,176,0.4818617385352498,0.9014156332444064,0.9,180,put,17.78,2543
2026-03-26,643.432373046875,O:SPY260529P00580000,580.0,2026-05-29,64,0.1752224503764544,0.9014156332444064,0.9,60,put,7.91,87
2026-03-26,643.432373046875,O:SPY260918P00645000,645.0,2026-09-18,176,0.4818617385352498,1.0024363507631762,1.0,180,put,35.01,137
2026-03-26,643.432373046875,O:SPY260918C00645000,645.0,2026-09-18,176,0.4818617385352498,1.0024363507631762,1.0,180,call,44.78,87
2026-03-26,643.432373046875,O:SPY260918P00545000,545.0,2026-09-18,176,0.4818617385352498,0.8470198622727613,0.85,180,put,11.41,69
2026-03-26,643.432373046875,O:SPY260918C00710000,710.0,2026-09-18,176,0.4818617385352498,1.1034570682819458,1.1,180,call,12.46,161
2026-03-26,643.432373046875,O:SPY260630C00740000,740.0,2026-06-30,96,0.2628336755646817,1.1500820148290702,1.15,90,call,0.72,312
2026-03-26,643.432373046875,O:SPY260630P00579000,579.0,2026-06-30,96,0.2628336755646817,0.8998614683595023,0.9,90,put,10.85,56
2026-03-26,643.432373046875,O:SPY260630P00611000,611.0,2026-06-30,96,0.2628336755646817,0.9495947446764352,0.95,90,put,16.29,105
2026-03-27,632.4606323242188,O:SPY260424C00664000,664.0,2026-04-24,28,0.0766598220396988,1.0498677167618762,1.05,30,call,5.54,167
2026-03-27,632.4606323242188,O:SPY260424P00601000,601.0,2026-04-24,28,0.0766598220396988,0.9502567737558548,0.95,30,put,8.12,54
2026-03-27,632.4606323242188,O:SPY260424C00696000,696.0,2026-04-24,28,0.0766598220396988,1.1004637513046172,1.1,30,call,0.38,243
2026-03-27,632.4606323242188,O:SPY260424C00632000,632.0,2026-04-24,28,0.0766598220396988,0.9992716822191352,1.0,30,call,21.28,41
2026-03-27,632.4606323242188,O:SPY260424P00632000,632.0,2026-04-24,28,0.0766598220396988,0.9992716822191352,1.0,30,put,16.76,113
2026-03-27,632.4606323242188,O:SPY260424P00570000,570.0,2026-04-24,28,0.0766598220396988,0.9012418652925744,0.9,30,put,3.94,1204
2026-03-27,632.4606323242188,O:SPY260529C00664000,664.0,2026-05-29,63,0.1724845995893223,1.0498677167618762,1.05,60,call,12.7,440
2026-03-27,632.4606323242188,O:SPY260529P00601000,601.0,2026-05-29,63,0.1724845995893223,0.9502567737558548,0.95,60,put,14.09,233
2026-03-27,632.4606323242188,O:SPY260529P00696000,696.0,2026-05-29,63,0.1724845995893223,1.1004637513046172,1.1,60,put,61.45,45
2026-03-27,632.4606323242188,O:SPY260529C00696000,696.0,2026-05-29,63,0.1724845995893223,1.1004637513046172,1.1,60,call,2.79,96
2026-03-27,632.4606323242188,O:SPY260424C00725000,725.0,2026-04-24,28,0.0766598220396988,1.1463164076089762,1.15,30,call,0.05,319
2026-03-27,632.4606323242188,O:SPY260424P00540000,540.0,2026-04-24,28,0.0766598220396988,0.8538080829087548,0.85,30,put,2.18,179
2026-03-27,632.4606323242188,O:SPY260529P00570000,570.0,2026-05-29,63,0.1724845995893223,0.9012418652925744,0.9,60,put,8.49,193
2026-03-27,632.4606323242188,O:SPY260529P00540000,540.0,2026-05-29,63,0.1724845995893223,0.8538080829087548,0.85,60,put,5.64,113
2026-03-27,632.4606323242188,O:SPY260630C00664000,664.0,2026-06-30,95,0.2600958247775496,1.0498677167618762,1.05,90,call,16.67,30
2026-03-27,632.4606323242188,O:SPY260630C00696000,696.0,2026-06-30,95,0.2600958247775496,1.1004637513046172,1.1,90,call,5.18,91
2026-03-27,632.4606323242188,O:SPY260630P00632000,632.0,2026-06-30,95,0.2600958247775496,0.9992716822191352,1.0,90,put,27.91,30
2026-03-27,632.4606323242188,O:SPY260918C00695000,695.0,2026-09-18,175,0.4791238877481177,1.0988826252251565,1.1,180,call,13.99,261
2026-03-27,632.4606323242188,O:SPY260918P00695000,695.0,2026-09-18,175,0.4791238877481177,1.0988826252251565,1.1,180,put,65.52,65
2026-03-27,632.4606323242188,O:SPY260918P00570000,570.0,2026-09-18,175,0.4791238877481177,0.9012418652925744,0.9,180,put,18.94,1730
2026-03-27,632.4606323242188,O:SPY260918P00600000,600.0,2026-09-18,175,0.4791238877481177,0.948675647676394,0.95,180,put,25.97,2321
2026-03-27,632.4606323242188,O:SPY260918C00665000,665.0,2026-09-18,175,0.4791238877481177,1.0514488428413369,1.05,180,call,27.63,174
2026-03-27,632.4606323242188,O:SPY260918P00665000,665.0,2026-09-18,175,0.4791238877481177,1.0514488428413369,1.05,180,put,49.76,277
2026-03-27,632.4606323242188,O:SPY260918C00725000,725.0,2026-09-18,175,0.4791238877481177,1.1463164076089762,1.15,180,call,5.52,249
2026-03-27,632.4606323242188,O:SPY260918P00540000,540.0,2026-09-18,175,0.4791238877481177,0.8538080829087548,0.85,180,put,13.44,162
2026-03-27,632.4606323242188,O:SPY260918P00630000,630.0,2026-09-18,175,0.4791238877481177,0.9961094300602138,1.0,180,put,35.52,957
2026-03-27,632.4606323242188,O:SPY260918C00630000,630.0,2026-09-18,175,0.4791238877481177,0.9961094300602138,1.0,180,call,48.09,52
2026-03-30,630.3460693359375,O:SPY260529C00662000,662.0,2026-05-29,60,0.164271047227926,1.05021674950303,1.05,60,call,11.99,42
2026-03-30,630.3460693359375,O:SPY260529P00599000,599.0,2026-05-29,60,0.164271047227926,0.9502716509853704,0.95,60,put,13.34,30
2026-03-30,630.3460693359375,O:SPY260529C00630000,630.0,2026-05-29,60,0.164271047227926,0.9994509851765998,1.0,60,call,28.2,57
2026-03-30,630.3460693359375,O:SPY260529P00630000,630.0,2026-05-29,60,0.164271047227926,0.9994509851765998,1.0,60,put,23.0,563
2026-03-30,630.3460693359375,O:SPY260529P00535000,535.0,2026-05-29,60,0.164271047227926,0.8487401223325093,0.85,60,put,4.77,77
2026-03-30,630.3460693359375,O:SPY260430C00662000,662.0,2026-04-30,31,0.0848733744010951,1.05021674950303,1.05,30,call,5.79,487
2026-03-30,630.3460693359375,O:SPY260430P00599000,599.0,2026-04-30,31,0.0848733744010951,0.9502716509853704,0.95,30,put,8.14,109
2026-03-30,630.3460693359375,O:SPY260430C00630000,630.0,2026-04-30,31,0.0848733744010951,0.9994509851765998,1.0,30,call,20.84,243
2026-03-30,630.3460693359375,O:SPY260430P00630000,630.0,2026-04-30,31,0.0848733744010951,0.9994509851765998,1.0,30,put,17.56,1863
2026-03-30,630.3460693359375,O:SPY260430C00693000,693.0,2026-04-30,31,0.0848733744010951,1.0993960836942598,1.1,30,call,0.46,105
2026-03-30,630.3460693359375,O:SPY260529P00565000,565.0,2026-05-29,60,0.164271047227926,0.8963330263885378,0.9,60,put,7.69,190
2026-03-30,630.3460693359375,O:SPY260430P00535000,535.0,2026-04-30,31,0.0848733744010951,0.8487401223325093,0.85,30,put,2.23,97
2026-03-30,630.3460693359375,O:SPY260630C00725000,725.0,2026-06-30,92,0.2518822724161533,1.15016184802069,1.15,90,call,0.91,41
2026-03-30,630.3460693359375,O:SPY260630P00630000,630.0,2026-06-30,92,0.2518822724161533,0.9994509851765998,1.0,90,put,27.28,184
2026-03-30,630.3460693359375,O:SPY260630C00630000,630.0,2026-06-30,92,0.2518822724161533,0.9994509851765998,1.0,90,call,33.6,56
2026-03-30,630.3460693359375,O:SPY260430P00565000,565.0,2026-04-30,31,0.0848733744010951,0.8963330263885378,0.9,30,put,3.82,523
2026-03-30,630.3460693359375,O:SPY260930P00630000,630.0,2026-09-30,184,0.5037645448323066,0.9994509851765998,1.0,180,put,36.69,48
2026-03-31,648.6688842773438,O:SPY260430C00681000,681.0,2026-04-30,30,0.082135523613963,1.0498422484973595,1.05,30,call,3.1,470
2026-03-31,648.6688842773438,O:SPY260430P00681000,681.0,2026-04-30,30,0.082135523613963,1.0498422484973595,1.05,30,put,33.99,173
2026-03-31,648.6688842773438,O:SPY260430C00649000,649.0,2026-04-30,30,0.082135523613963,1.0005104541479974,1.0,30,call,17.85,559
2026-03-31,648.6688842773438,O:SPY260430P00649000,649.0,2026-04-30,30,0.082135523613963,1.0005104541479974,1.0,30,put,14.6,614
2026-03-31,648.6688842773438,O:SPY260430P00585000,585.0,2026-04-30,30,0.082135523613963,0.9018468654492736,0.9,30,put,2.72,5810
2026-03-31,648.6688842773438,O:SPY260430P00550000,550.0,2026-04-30,30,0.082135523613963,0.8478902153796588,0.85,30,put,1.32,849
2026-03-31,648.6688842773438,O:SPY260529C00681000,681.0,2026-05-29,59,0.1615331964407939,1.0498422484973595,1.05,60,call,7.87,46
2026-03-31,648.6688842773438,O:SPY260630P00616000,616.0,2026-06-30,91,0.2491444216290212,0.949637041225218,0.95,90,put,15.2,18816
2026-03-31,648.6688842773438,O:SPY260529P00616000,616.0,2026-05-29,59,0.1615331964407939,0.949637041225218,0.95,60,put,11.61,30
2026-03-31,648.6688842773438,O:SPY260529P00649000,649.0,2026-05-29,59,0.1615331964407939,1.0005104541479974,1.0,60,put,19.72,309
2026-03-31,648.6688842773438,O:SPY260630C00649000,649.0,2026-06-30,91,0.2491444216290212,1.0005104541479974,1.0,90,call,29.9,29
2026-03-31,648.6688842773438,O:SPY260630P00649000,649.0,2026-06-30,91,0.2491444216290212,1.0005104541479974,1.0,90,put,24.33,43
2026-03-31,648.6688842773438,O:SPY260529C00649000,649.0,2026-05-29,59,0.1615331964407939,1.0005104541479974,1.0,60,call,25.09,69
2026-03-31,648.6688842773438,O:SPY260529P00585000,585.0,2026-05-29,59,0.1615331964407939,0.9018468654492736,0.9,60,put,6.09,140
2026-03-31,648.6688842773438,O:SPY260529P00550000,550.0,2026-05-29,59,0.1615331964407939,0.8478902153796588,0.85,60,put,3.25,406
2026-03-31,648.6688842773438,O:SPY260930C00681000,681.0,2026-09-30,183,0.5010266940451745,1.0498422484973595,1.05,180,call,25.01,27
2026-03-31,648.6688842773438,O:SPY260930P00649000,649.0,2026-09-30,183,0.5010266940451745,1.0005104541479974,1.0,180,put,35.0,57
2026-03-31,648.6688842773438,O:SPY260930P00585000,585.0,2026-09-30,183,0.5010266940451745,0.9018468654492736,0.9,180,put,17.94,103
2026-03-31,648.6688842773438,O:SPY260930P00550000,550.0,2026-09-30,183,0.5010266940451745,0.8478902153796588,0.85,180,put,11.7,78
2026-03-31,648.6688842773438,O:SPY260930C00715000,715.0,2026-09-30,183,0.5010266940451745,1.1022572799935566,1.1,180,call,10.77,53
2026-04-01,653.5562744140625,O:SPY260630P00621000,621.0,2026-06-30,90,0.2464065708418891,0.9501859660925902,0.95,90,put,14.61,36
2026-04-01,653.5562744140625,O:SPY260501C00686000,686.0,2026-05-01,30,0.082135523613963,1.0496418240571932,1.05,30,call,2.67,67
2026-04-01,653.5562744140625,O:SPY260630P00654000,654.0,2026-06-30,90,0.2464065708418891,1.0006789401361578,1.0,90,put,23.74,63
2026-04-01,653.5562744140625,O:SPY260501C00654000,654.0,2026-05-01,30,0.082135523613963,1.0006789401361578,1.0,30,call,17.57,800
2026-04-01,653.5562744140625,O:SPY260501P00654000,654.0,2026-05-01,30,0.082135523613963,1.0006789401361578,1.0,30,put,14.28,1217
2026-04-01,653.5562744140625,O:SPY260630C00654000,654.0,2026-06-30,90,0.2464065708418891,1.0006789401361578,1.0,90,call,29.35,26
2026-04-01,653.5562744140625,O:SPY260501P00555000,555.0,2026-05-01,30,0.082135523613963,0.8492000180054551,0.85,30,put,1.28,318
2026-04-01,653.5562744140625,O:SPY260501P00620000,620.0,2026-05-01,30,0.082135523613963,0.9486558759700578,0.95,30,put,5.74,979
2026-04-01,653.5562744140625,O:SPY260501C00720000,720.0,2026-05-01,30,0.082135523613963,1.1016648882232931,1.1,30,call,0.12,103
2026-04-01,653.5562744140625,O:SPY260630C00750000,750.0,2026-06-30,90,0.2464065708418891,1.1475675918992636,1.15,90,call,0.48,902
2026-04-01,653.5562744140625,O:SPY260501P00590000,590.0,2026-05-01,30,0.082135523613963,0.9027531722940874,0.9,30,put,2.7,378
2026-04-01,653.5562744140625,O:SPY260529C00719000,719.0,2026-05-29,58,0.1587953456536618,1.1001347981007608,1.1,60,call,0.85,40
2026-04-01,653.5562744140625,O:SPY260529P00621000,621.0,2026-05-29,58,0.1587953456536618,0.9501859660925902,0.95,60,put,10.8,47
2026-04-01,653.5562744140625,O:SPY260529P00588000,588.0,2026-05-29,58,0.1587953456536618,0.8996929920490226,0.9,60,put,4.96,62
2026-04-01,653.5562744140625,O:SPY260529C00686000,686.0,2026-05-29,58,0.1587953456536618,1.0496418240571932,1.05,60,call,7.48,157
2026-04-01,653.5562744140625,O:SPY260529C00654000,654.0,2026-05-29,58,0.1587953456536618,1.0006789401361578,1.0,60,call,24.18,99
2026-04-01,653.5562744140625,O:SPY260529P00654000,654.0,2026-05-29,58,0.1587953456536618,1.0006789401361578,1.0,60,put,19.13,710
2026-04-01,653.5562744140625,O:SPY260529P00555000,555.0,2026-05-29,58,0.1587953456536618,0.8492000180054551,0.85,60,put,3.23,45
2026-04-01,653.5562744140625,O:SPY260930C00720000,720.0,2026-09-30,182,0.4982888432580424,1.1016648882232931,1.1,180,call,10.2,51
2026-04-01,653.5562744140625,O:SPY260930C00750000,750.0,2026-09-30,182,0.4982888432580424,1.1475675918992636,1.15,180,call,3.71,153
2026-04-01,653.5562744140625,O:SPY260529C00750000,750.0,2026-05-29,58,0.1587953456536618,1.1475675918992636,1.15,60,call,0.17,143
2026-04-01,653.5562744140625,O:SPY260930P00590000,590.0,2026-09-30,182,0.4982888432580424,0.9027531722940874,0.9,180,put,16.64,108
2026-04-02,654.144775390625,O:SPY260930P00654000,654.0,2026-09-30,181,0.4955509924709103,0.9997786798946172,1.0,180,put,32.9,26
2026-04-02,654.144775390625,O:SPY260630P00654000,654.0,2026-06-30,89,0.243668720054757,0.9997786798946172,1.0,90,put,23.72,47
2026-04-02,654.144775390625,O:SPY260501C00654000,654.0,2026-05-01,29,0.0793976728268309,0.9997786798946172,1.0,30,call,17.12,697
2026-04-02,654.144775390625,O:SPY260501P00654000,654.0,2026-05-01,29,0.0793976728268309,0.9997786798946172,1.0,30,put,13.61,1351
2026-04-02,654.144775390625,O:SPY260501C00687000,687.0,2026-05-01,29,0.0793976728268309,1.0502262279626944,1.05,30,call,2.18,54
2026-04-02,654.144775390625,O:SPY260630P00621000,621.0,2026-06-30,89,0.243668720054757,0.9493311318265404,0.95,90,put,14.09,88
2026-04-02,654.144775390625,O:SPY260630C00720000,720.0,2026-06-30,89,0.243668720054757,1.1006737760307714,1.1,90,call,1.99,178
2026-04-02,654.144775390625,O:SPY260501P00555000,555.0,2026-05-01,29,0.0793976728268309,0.8484360356903863,0.85,30,put,1.3,555
2026-04-02,654.144775390625,O:SPY260501P00590000,590.0,2026-05-01,29,0.0793976728268309,0.9019410109141044,0.9,30,put,2.43,303
2026-04-02,654.144775390625,O:SPY260930P00590000,590.0,2026-09-30,181,0.4955509924709103,0.9019410109141044,0.9,180,put,16.54,219
2026-04-02,654.144775390625,O:SPY260501P00620000,620.0,2026-05-01,29,0.0793976728268309,0.9478024182487198,0.95,30,put,5.32,599
2026-04-02,654.144775390625,O:SPY260630C00750000,750.0,2026-06-30,89,0.243668720054757,1.1465351833653867,1.15,90,call,0.43,33
2026-04-02,654.144775390625,O:SPY260930C00750000,750.0,2026-09-30,181,0.4955509924709103,1.1465351833653867,1.15,180,call,3.4,42
2026-04-02,654.144775390625,O:SPY260529C00654000,654.0,2026-05-29,57,0.1560574948665297,0.9997786798946172,1.0,60,call,23.55,291
2026-04-02,654.144775390625,O:SPY260529P00654000,654.0,2026-05-29,57,0.1560574948665297,0.9997786798946172,1.0,60,put,18.49,137
2026-04-02,654.144775390625,O:SPY260529P00589000,589.0,2026-05-29,57,0.1560574948665297,0.9004122973362838,0.9,60,put,5.31,98
2026-04-02,654.144775390625,O:SPY260529P00555000,555.0,2026-05-29,57,0.1560574948665297,0.8484360356903863,0.85,60,put,3.0,272
2026-04-02,654.144775390625,O:SPY260529C00750000,750.0,2026-05-29,57,0.1560574948665297,1.1465351833653867,1.15,60,call,0.14,57
2026-04-06,657.23681640625,O:SPY260508C00690000,690.0,2026-05-08,32,0.0876112251882272,1.049849890900662,1.05,30,call,2.49,665
2026-04-06,657.23681640625,O:SPY260508P00657000,657.0,2026-05-08,32,0.0876112251882272,0.999639678727152,1.0,30,put,14.0,368
2026-04-06,657.23681640625,O:SPY260508C00657000,657.0,2026-05-08,32,0.0876112251882272,0.999639678727152,1.0,30,call,17.85,1204
2026-04-06,657.23681640625,O:SPY260508P00625000,625.0,2026-05-08,32,0.0876112251882272,0.9509509881346576,0.95,30,put,6.29,144
2026-04-06,657.23681640625,O:SPY260508P00560000,560.0,2026-05-08,32,0.0876112251882272,0.8520520853686533,0.85,30,put,1.47,30
2026-04-06,657.23681640625,O:SPY260508P00590000,590.0,2026-05-08,32,0.0876112251882272,0.8976977327991168,0.9,30,put,2.65,515
2026-04-06,657.23681640625,O:SPY260930P00657000,657.0,2026-09-30,177,0.4845995893223819,0.999639678727152,1.0,180,put,32.27,39
2026-04-06,657.23681640625,O:SPY260930P00590000,590.0,2026-09-30,177,0.4845995893223819,0.8976977327991168,0.9,180,put,15.54,75
2026-04-06,657.23681640625,O:SPY260630C00690000,690.0,2026-06-30,85,0.2327173169062286,1.049849890900662,1.05,90,call,9.89,146
2026-04-06,657.23681640625,O:SPY260630C00657000,657.0,2026-06-30,85,0.2327173169062286,0.999639678727152,1.0,90,call,27.99,74
2026-04-06,657.23681640625,O:SPY260630P00657000,657.0,2026-06-30,85,0.2327173169062286,0.999639678727152,1.0,90,put,22.32,95
2026-04-06,657.23681640625,O:SPY260529C00690000,690.0,2026-05-29,53,0.1451060917180013,1.049849890900662,1.05,60,call,5.52,733
2026-04-06,657.23681640625,O:SPY260529P00657000,657.0,2026-05-29,53,0.1451060917180013,0.999639678727152,1.0,60,put,17.63,284
2026-04-06,657.23681640625,O:SPY260529C00657000,657.0,2026-05-29,53,0.1451060917180013,0.999639678727152,1.0,60,call,22.81,655
2026-04-06,657.23681640625,O:SPY260529P00560000,560.0,2026-05-29,53,0.1451060917180013,0.8520520853686533,0.85,60,put,2.74,111
2026-04-07,657.5260009765625,O:SPY260508P00625000,625.0,2026-05-08,31,0.0848733744010951,0.9505327531865588,0.95,30,put,6.75,620
2026-04-07,657.5260009765625,O:SPY260508C00690000,690.0,2026-05-08,31,0.0848733744010951,1.049388159517961,1.05,30,call,3.12,514
2026-04-07,657.5260009765625,O:SPY260508C00658000,658.0,2026-05-08,31,0.0848733744010951,1.0007208825548093,1.0,30,call,18.49,193
2026-04-07,657.5260009765625,O:SPY260508P00658000,658.0,2026-05-08,31,0.0848733744010951,1.0007208825548093,1.0,30,put,14.84,416
2026-04-07,657.5260009765625,O:SPY260508P00560000,560.0,2026-05-08,31,0.0848733744010951,0.8516773468551568,0.85,30,put,1.71,87
2026-04-07,657.5260009765625,O:SPY260508P00590000,590.0,2026-05-08,31,0.0848733744010951,0.8973029190081117,0.9,30,put,3.04,157
2026-04-07,657.5260009765625,O:SPY260930C00755000,755.0,2026-09-30,176,0.4818617385352498,1.1482435658493633,1.15,180,call,2.97,27
2026-04-07,657.5260009765625,O:SPY260930P00590000,590.0,2026-09-30,176,0.4818617385352498,0.8973029190081117,0.9,180,put,16.98,28
2026-04-07,657.5260009765625,O:SPY260630P00625000,625.0,2026-06-30,84,0.2299794661190965,0.9505327531865588,0.95,90,put,13.95,59
2026-04-07,657.5260009765625,O:SPY260630C00690000,690.0,2026-06-30,84,0.2299794661190965,1.049388159517961,1.05,90,call,10.65,528
2026-04-07,657.5260009765625,O:SPY260630P00658000,658.0,2026-06-30,84,0.2299794661190965,1.0007208825548093,1.0,90,put,22.75,80
2026-04-07,657.5260009765625,O:SPY260630C00755000,755.0,2026-06-30,84,0.2299794661190965,1.1482435658493633,1.15,90,call,0.35,44
2026-04-07,657.5260009765625,O:SPY260529P00592000,592.0,2026-05-29,52,0.1423682409308692,0.9003446238183086,0.9,60,put,5.61,328
2026-04-07,657.5260009765625,O:SPY260529P00625000,625.0,2026-05-29,52,0.1423682409308692,0.9505327531865588,0.95,60,put,9.7,204
2026-04-07,657.5260009765625,O:SPY260529P00690000,690.0,2026-05-29,52,0.1423682409308692,1.049388159517961,1.05,60,put,34.85,171
2026-04-07,657.5260009765625,O:SPY260529C00690000,690.0,2026-05-29,52,0.1423682409308692,1.049388159517961,1.05,60,call,6.4,636
2026-04-07,657.5260009765625,O:SPY260529P00658000,658.0,2026-05-29,52,0.1423682409308692,1.0007208825548093,1.0,60,put,18.25,107
2026-04-07,657.5260009765625,O:SPY260529P00560000,560.0,2026-05-29,52,0.1423682409308692,0.8516773468551568,0.85,60,put,3.11,108
2026-04-08,674.27294921875,O:SPY260508P00674000,674.0,2026-05-08,30,0.082135523613963,0.9995951947663536,1.0,30,put,11.9,528
2026-04-08,674.27294921875,O:SPY260508C00674000,674.0,2026-05-08,30,0.082135523613963,0.9995951947663536,1.0,30,call,14.66,218
2026-04-08,674.27294921875,O:SPY260508C00740000,740.0,2026-05-08,30,0.082135523613963,1.097478403749409,1.1,30,call,0.13,28
2026-04-08,674.27294921875,O:SPY260508P00605000,605.0,2026-05-08,30,0.082135523613963,0.8972627490113411,0.9,30,put,1.86,349
2026-04-08,674.27294921875,O:SPY260508P00575000,575.0,2026-05-08,30,0.082135523613963,0.8527703812917704,0.85,30,put,1.02,358
2026-04-08,674.27294921875,O:SPY260508C00710000,710.0,2026-05-08,30,0.082135523613963,1.0529860360298382,1.05,30,call,1.19,1137
2026-04-08,674.27294921875,O:SPY260630P00607000,607.0,2026-06-30,83,0.2272416153319644,0.9002289068593124,0.9,90,put,6.85,145
2026-04-08,674.27294921875,O:SPY260630P00674000,674.0,2026-06-30,83,0.2272416153319644,0.9995951947663536,1.0,90,put,19.66,202
2026-04-08,674.27294921875,O:SPY260630C00775000,775.0,2026-06-30,83,0.2272416153319644,1.149386166088908,1.15,90,call,0.24,92
2026-04-08,674.27294921875,O:SPY260630C00740000,740.0,2026-06-30,83,0.2272416153319644,1.097478403749409,1.1,90,call,1.27,90
2026-04-08,674.27294921875,O:SPY260529C00708000,708.0,2026-05-29,51,0.1396303901437371,1.0500198781818668,1.05,60,call,3.8,55
2026-04-08,674.27294921875,O:SPY260529P00607000,607.0,2026-05-29,51,0.1396303901437371,0.9002289068593124,0.9,60,put,3.87,27
2026-04-08,674.27294921875,O:SPY260529C00674000,674.0,2026-05-29,51,0.1396303901437371,0.9995951947663536,1.0,60,call,20.1,389
2026-04-08,674.27294921875,O:SPY260529P00674000,674.0,2026-05-29,51,0.1396303901437371,0.9995951947663536,1.0,60,put,15.13,665
2026-04-08,674.27294921875,O:SPY260529P00641000,641.0,2026-05-29,51,0.1396303901437371,0.9506535902748258,0.95,60,put,7.78,28
2026-04-08,674.27294921875,O:SPY260529C00641000,641.0,2026-05-29,51,0.1396303901437371,0.9506535902748258,0.95,60,call,44.0,31
2026-04-08,674.27294921875,O:SPY260529C00740000,740.0,2026-05-29,51,0.1396303901437371,1.097478403749409,1.1,60,call,0.42,514
2026-04-08,674.27294921875,O:SPY260529P00575000,575.0,2026-05-29,51,0.1396303901437371,0.8527703812917704,0.85,60,put,2.1,2987
2026-04-09,678.162841796875,O:SPY260508C00678000,678.0,2026-05-08,29,0.0793976728268309,0.999759878031,1.0,30,call,14.36,305
2026-04-09,678.162841796875,O:SPY260508P00678000,678.0,2026-05-08,29,0.0793976728268309,0.999759878031,1.0,30,put,10.52,234
2026-04-09,678.162841796875,O:SPY260508P00644000,644.0,2026-05-08,29,0.0793976728268309,0.9496244269203008,0.95,30,put,3.77,72
2026-04-09,678.162841796875,O:SPY260508P00610000,610.0,2026-05-08,29,0.0793976728268309,0.8994889758096016,0.9,30,put,1.47,564
2026-04-09,678.162841796875,O:SPY260508C00745000,745.0,2026-05-08,29,0.0793976728268309,1.0985562081609068,1.1,30,call,0.1,75
2026-04-09,678.162841796875,O:SPY260508P00575000,575.0,2026-05-08,29,0.0793976728268309,0.8478789526074114,0.85,30,put,0.71,71
2026-04-09,678.162841796875,O:SPY260508C00710000,710.0,2026-05-08,29,0.0793976728268309,1.0469461849587167,1.05,30,call,1.38,408
2026-04-09,678.162841796875,O:SPY260930C00780000,780.0,2026-09-30,174,0.4763860369609856,1.1501662313630971,1.15,180,call,2.0,250
2026-04-09,678.162841796875,O:SPY260930P00678000,678.0,2026-09-30,174,0.4763860369609856,0.999759878031,1.0,180,put,28.25,54
2026-04-09,678.162841796875,O:SPY260930P00610000,610.0,2026-09-30,174,0.4763860369609856,0.8994889758096016,0.9,180,put,13.12,139
2026-04-09,678.162841796875,O:SPY260630P00678000,678.0,2026-06-30,82,0.2245037645448323,0.999759878031,1.0,90,put,19.1,45
2026-04-09,678.162841796875,O:SPY260630P00610000,610.0,2026-06-30,82,0.2245037645448323,0.8994889758096016,0.9,90,put,5.96,91
2026-04-09,678.162841796875,O:SPY260529C00712000,712.0,2026-05-29,50,0.136892539356605,1.049895329141699,1.05,60,call,3.23,67
2026-04-09,678.162841796875,O:SPY260529C00678000,678.0,2026-05-29,50,0.136892539356605,0.999759878031,1.0,60,call,19.52,108
2026-04-09,678.162841796875,O:SPY260529P00678000,678.0,2026-05-29,50,0.136892539356605,0.999759878031,1.0,60,put,13.91,2091
2026-04-09,678.162841796875,O:SPY260529P00610000,610.0,2026-05-29,50,0.136892539356605,0.8994889758096016,0.9,60,put,3.22,276
2026-04-09,678.162841796875,O:SPY260529C00745000,745.0,2026-05-29,50,0.136892539356605,1.0985562081609068,1.1,60,call,0.37,102
2026-04-09,678.162841796875,O:SPY260529P00575000,575.0,2026-05-29,50,0.136892539356605,0.8478789526074114,0.85,60,put,1.66,85
2026-04-10,677.7140502929688,O:SPY260508P00610000,610.0,2026-05-08,28,0.0766598220396988,0.9000846296993597,0.9,30,put,1.35,198
2026-04-10,677.7140502929688,O:SPY260508P00644000,644.0,2026-05-08,28,0.0766598220396988,0.9502532811907994,0.95,30,put,3.84,26
2026-04-10,677.7140502929688,O:SPY260508P00678000,678.0,2026-05-08,28,0.0766598220396988,1.0004219326822392,1.0,30,put,10.63,1317
2026-04-10,677.7140502929688,O:SPY260508C00678000,678.0,2026-05-08,28,0.0766598220396988,1.0004219326822392,1.0,30,call,13.73,99
2026-04-10,677.7140502929688,O:SPY260508C00745000,745.0,2026-05-08,28,0.0766598220396988,1.099283687091841,1.1,30,call,0.09,119
2026-04-10,677.7140502929688,O:SPY260508P00575000,575.0,2026-05-08,28,0.0766598220396988,0.8484404296346423,0.85,30,put,0.66,60
2026-04-10,677.7140502929688,O:SPY260508C00710000,710.0,2026-05-08,28,0.0766598220396988,1.0476394870271235,1.05,30,call,1.13,491
2026-04-10,677.7140502929688,O:SPY260930P00678000,678.0,2026-09-30,173,0.4736481861738535,1.0004219326822392,1.0,180,put,28.73,27
2026-04-10,677.7140502929688,O:SPY260717P00610000,610.0,2026-07-17,98,0.2683093771389459,0.9000846296993597,0.9,90,put,7.6,355
2026-04-10,677.7140502929688,O:SPY260717C00780000,780.0,2026-07-17,98,0.2683093771389459,1.1509278871565582,1.15,90,call,0.37,51
2026-04-10,677.7140502929688,O:SPY260717P00575000,575.0,2026-07-17,98,0.2683093771389459,0.8484404296346423,0.85,90,put,4.57,51
2026-04-10,677.7140502929688,O:SPY260717P00645000,645.0,2026-07-17,98,0.2683093771389459,0.951728829764077,0.95,90,put,12.75,127
2026-04-10,677.7140502929688,O:SPY260717C00710000,710.0,2026-07-17,98,0.2683093771389459,1.0476394870271235,1.05,90,call,9.52,3064
2026-04-10,677.7140502929688,O:SPY260618P00610000,610.0,2026-06-18,69,0.188911704312115,0.9000846296993597,0.9,60,put,5.04,1467
2026-04-10,677.7140502929688,O:SPY260618C00745000,745.0,2026-06-18,69,0.188911704312115,1.099283687091841,1.1,60,call,0.79,217
2026-04-10,677.7140502929688,O:SPY260618P00575000,575.0,2026-06-18,69,0.188911704312115,0.8484404296346423,0.85,60,put,2.87,156
2026-04-10,677.7140502929688,O:SPY260618P00645000,645.0,2026-06-18,69,0.188911704312115,0.951728829764077,0.95,60,put,9.4,1164
2026-04-10,677.7140502929688,O:SPY260618C00645000,645.0,2026-06-18,69,0.188911704312115,0.951728829764077,0.95,60,call,47.91,164
2026-04-10,677.7140502929688,O:SPY260618C00710000,710.0,2026-06-18,69,0.188911704312115,1.0476394870271235,1.05,60,call,6.02,487
2026-04-10,677.7140502929688,O:SPY260618P00710000,710.0,2026-06-18,69,0.188911704312115,1.0476394870271235,1.05,60,put,33.68,37
2026-04-10,677.7140502929688,O:SPY260618P00680000,680.0,2026-06-18,69,0.188911704312115,1.0033730298287944,1.0,60,put,17.8,2801
2026-04-10,677.7140502929688,O:SPY260618C00680000,680.0,2026-06-18,69,0.188911704312115,1.0033730298287944,1.0,60,call,21.34,1836
2026-04-13,684.3369750976562,O:SPY260515P00616000,616.0,2026-05-15,32,0.0876112251882272,0.900141337404859,0.9,30,put,1.92,100
2026-04-13,684.3369750976562,O:SPY260515C00650000,650.0,2026-05-15,32,0.0876112251882272,0.9498244631707116,0.95,30,call,41.69,146
2026-04-13,684.3369750976562,O:SPY260515P00650000,650.0,2026-05-15,32,0.0876112251882272,0.9498244631707116,0.95,30,put,4.01,35902
2026-04-13,684.3369750976562,O:SPY260515P00684000,684.0,2026-05-15,32,0.0876112251882272,0.9995075889365642,1.0,30,put,10.75,809
2026-04-13,684.3369750976562,O:SPY260515C00684000,684.0,2026-05-15,32,0.0876112251882272,0.9995075889365642,1.0,30,call,15.04,770
2026-04-13,684.3369750976562,O:SPY260515C00720000,720.0,2026-05-15,32,0.0876112251882272,1.052113251512173,1.05,30,call,1.21,1388
2026-04-13,684.3369750976562,O:SPY260515P00580000,580.0,2026-05-15,32,0.0876112251882272,0.8475356748292504,0.85,30,put,0.82,589
2026-04-13,684.3369750976562,O:SPY260717P00650000,650.0,2026-07-17,95,0.2600958247775496,0.9498244631707116,0.95,90,put,11.35,306
2026-04-13,684.3369750976562,O:SPY260717P00685000,685.0,2026-07-17,95,0.2600958247775496,1.0009688573414424,1.0,90,put,19.71,622
2026-04-13,684.3369750976562,O:SPY260717C00685000,685.0,2026-07-17,95,0.2600958247775496,1.0009688573414424,1.0,90,call,25.73,716
2026-04-13,684.3369750976562,O:SPY260717C00615000,615.0,2026-07-17,95,0.2600958247775496,0.898680068999981,0.9,90,call,80.52,49
2026-04-13,684.3369750976562,O:SPY260717P00615000,615.0,2026-07-17,95,0.2600958247775496,0.898680068999981,0.9,90,put,6.71,47
2026-04-13,684.3369750976562,O:SPY260717C00720000,720.0,2026-07-17,95,0.2600958247775496,1.052113251512173,1.05,90,call,7.72,7315
2026-04-13,684.3369750976562,O:SPY260717P00580000,580.0,2026-07-17,95,0.2600958247775496,0.8475356748292504,0.85,90,put,4.14,411
2026-04-13,684.3369750976562,O:SPY260717C00785000,785.0,2026-07-17,95,0.2600958247775496,1.147095697829244,1.15,90,call,0.3,147
2026-04-13,684.3369750976562,O:SPY260618P00650000,650.0,2026-06-18,66,0.1806981519507187,0.9498244631707116,0.95,60,put,8.26,5887
2026-04-13,684.3369750976562,O:SPY260618C00650000,650.0,2026-06-18,66,0.1806981519507187,0.9498244631707116,0.95,60,call,48.46,230
2026-04-13,684.3369750976562,O:SPY260717C00755000,755.0,2026-07-17,95,0.2600958247775496,1.1032576456829035,1.1,90,call,1.22,60
2026-04-13,684.3369750976562,O:SPY260618C00685000,685.0,2026-06-18,66,0.1806981519507187,1.0009688573414424,1.0,60,call,21.53,1732
2026-04-13,684.3369750976562,O:SPY260618P00685000,685.0,2026-06-18,66,0.1806981519507187,1.0009688573414424,1.0,60,put,16.21,3669
2026-04-13,684.3369750976562,O:SPY260618P00615000,615.0,2026-06-18,66,0.1806981519507187,0.898680068999981,0.9,60,put,4.42,675
2026-04-13,684.3369750976562,O:SPY260618C00720000,720.0,2026-06-18,66,0.1806981519507187,1.052113251512173,1.05,60,call,4.61,314
2026-04-13,684.3369750976562,O:SPY260618P00580000,580.0,2026-06-18,66,0.1806981519507187,0.8475356748292504,0.85,60,put,2.47,2269
2026-04-13,684.3369750976562,O:SPY260618C00755000,755.0,2026-06-18,66,0.1806981519507187,1.1032576456829035,1.1,60,call,0.49,49
2026-04-13,684.3369750976562,O:SPY260930P00650000,650.0,2026-09-30,170,0.4654346338124572,0.9498244631707116,0.95,180,put,18.55,119
2026-04-13,684.3369750976562,O:SPY260930C00720000,720.0,2026-09-30,170,0.4654346338124572,1.052113251512173,1.05,180,call,17.4,50
2026-04-14,692.675537109375,O:SPY260515C00658000,658.0,2026-05-15,31,0.0848733744010951,0.94993971166633,0.95,30,call,41.76,305
2026-04-14,692.675537109375,O:SPY260515P00658000,658.0,2026-05-15,31,0.0848733744010951,0.94993971166633,0.95,30,put,3.69,530
2026-04-14,692.675537109375,O:SPY260515P00693000,693.0,2026-05-15,31,0.0848733744010951,1.000468419733688,1.0,30,put,10.72,6550
2026-04-14,692.675537109375,O:SPY260515C00693000,693.0,2026-05-15,31,0.0848733744010951,1.000468419733688,1.0,30,call,13.9,4466
2026-04-14,692.675537109375,O:SPY260515P00623000,623.0,2026-05-15,31,0.0848733744010951,0.8994110035989721,0.9,30,put,1.45,63
2026-04-14,692.675537109375,O:SPY260515P00590000,590.0,2026-05-15,31,0.0848733744010951,0.8517696502783203,0.85,30,put,0.74,1323
2026-04-14,692.675537109375,O:SPY260515C00760000,760.0,2026-05-15,31,0.0848733744010951,1.0971948037483448,1.1,30,call,0.12,97
2026-04-14,692.675537109375,O:SPY260515C00725000,725.0,2026-05-15,31,0.0848733744010951,1.0466660956809868,1.05,30,call,1.54,8684
2026-04-14,692.675537109375,O:SPY260717P00590000,590.0,2026-07-17,94,0.2573579739904175,0.8517696502783203,0.85,90,put,4.08,128
2026-04-14,692.675537109375,O:SPY260717C00795000,795.0,2026-07-17,94,0.2573579739904175,1.1477235118157028,1.15,90,call,0.29,1022
2026-04-14,692.675537109375,O:SPY260717P00625000,625.0,2026-07-17,94,0.2573579739904175,0.9022983583456784,0.9,90,put,6.74,531
2026-04-14,692.675537109375,O:SPY260717C00760000,760.0,2026-07-17,94,0.2573579739904175,1.0971948037483448,1.1,90,call,1.61,1218
2026-04-14,692.675537109375,O:SPY260717P00660000,660.0,2026-07-17,94,0.2573579739904175,0.9528270664130364,0.95,90,put,11.42,2438
2026-04-14,692.675537109375,O:SPY260717C00660000,660.0,2026-07-17,94,0.2573579739904175,0.9528270664130364,0.95,90,call,50.52,158
2026-04-14,692.675537109375,O:SPY260717C00725000,725.0,2026-07-17,94,0.2573579739904175,1.0466660956809868,1.05,90,call,8.69,333
2026-04-14,692.675537109375,O:SPY260717C00695000,695.0,2026-07-17,94,0.2573579739904175,1.0033557744803945,1.0,90,call,24.17,212
2026-04-14,692.675537109375,O:SPY260717P00695000,695.0,2026-07-17,94,0.2573579739904175,1.0033557744803945,1.0,90,put,20.14,355
2026-04-14,692.675537109375,O:SPY260618P00590000,590.0,2026-06-18,65,0.1779603011635865,0.8517696502783203,0.85,60,put,2.4,2828
2026-04-14,692.675537109375,O:SPY260618C00590000,590.0,2026-06-18,65,0.1779603011635865,0.8517696502783203,0.85,60,call,107.72,56
2026-04-14,692.675537109375,O:SPY260618P00625000,625.0,2026-06-18,65,0.1779603011635865,0.9022983583456784,0.9,60,put,4.28,1159
2026-04-14,692.675537109375,O:SPY260618C00760000,760.0,2026-06-18,65,0.1779603011635865,1.0971948037483448,1.1,60,call,0.71,1776
2026-04-14,692.675537109375,O:SPY260618C00660000,660.0,2026-06-18,65,0.1779603011635865,0.9528270664130364,0.95,60,call,46.32,228
2026-04-14,692.675537109375,O:SPY260618P00660000,660.0,2026-06-18,65,0.1779603011635865,0.9528270664130364,0.95,60,put,8.26,7952
2026-04-14,692.675537109375,O:SPY260618C00725000,725.0,2026-06-18,65,0.1779603011635865,1.0466660956809868,1.05,60,call,5.47,20054
2026-04-14,692.675537109375,O:SPY260618P00695000,695.0,2026-06-18,65,0.1779603011635865,1.0033557744803945,1.0,60,put,16.56,1728
2026-04-14,692.675537109375,O:SPY260618C00695000,695.0,2026-06-18,65,0.1779603011635865,1.0033557744803945,1.0,60,call,19.67,2803
2026-04-15,698.1414184570312,O:SPY260515P00698000,698.0,2026-05-15,30,0.082135523613963,0.999797435801268,1.0,30,put,10.6,3139
2026-04-15,698.1414184570312,O:SPY260515C00698000,698.0,2026-05-15,30,0.082135523613963,0.999797435801268,1.0,30,call,14.06,1376
2026-04-15,698.1414184570312,O:SPY260515C00663000,663.0,2026-05-15,30,0.082135523613963,0.9496643265562188,0.95,30,call,42.34,33
2026-04-15,698.1414184570312,O:SPY260515P00663000,663.0,2026-05-15,30,0.082135523613963,0.9496643265562188,0.95,30,put,3.41,1330
2026-04-15,698.1414184570312,O:SPY260515P00595000,595.0,2026-05-15,30,0.082135523613963,0.8522628571658375,0.85,30,put,0.69,712
2026-04-15,698.1414184570312,O:SPY260515C00595000,595.0,2026-05-15,30,0.082135523613963,0.8522628571658375,0.85,30,call,107.39,375
2026-04-15,698.1414184570312,O:SPY260515C00735000,735.0,2026-05-15,30,0.082135523613963,1.0527952941460346,1.05,30,call,1.12,3206
2026-04-15,698.1414184570312,O:SPY260515C00770000,770.0,2026-05-15,30,0.082135523613963,1.1029284033910838,1.1,30,call,0.1,46
2026-04-15,698.1414184570312,O:SPY260717P00595000,595.0,2026-07-17,93,0.2546201232032854,0.8522628571658375,0.85,90,put,4.13,449
2026-04-15,698.1414184570312,O:SPY260717P00630000,630.0,2026-07-17,93,0.2546201232032854,0.9023959664108868,0.9,90,put,6.68,2191
2026-04-15,698.1414184570312,O:SPY260717P00665000,665.0,2026-07-17,93,0.2546201232032854,0.952529075655936,0.95,90,put,11.34,121
2026-04-15,698.1414184570312,O:SPY260717P00700000,700.0,2026-07-17,93,0.2546201232032854,1.0026621849009854,1.0,90,put,20.11,1916
2026-04-15,698.1414184570312,O:SPY260717C00700000,700.0,2026-07-17,93,0.2546201232032854,1.0026621849009854,1.0,90,call,24.62,2017
2026-04-15,698.1414184570312,O:SPY260717C00735000,735.0,2026-07-17,93,0.2546201232032854,1.0527952941460346,1.05,90,call,7.68,616
2026-04-15,698.1414184570312,O:SPY260618P00595000,595.0,2026-06-18,64,0.1752224503764544,0.8522628571658375,0.85,60,put,2.35,229
2026-04-15,698.1414184570312,O:SPY260618C00630000,630.0,2026-06-18,64,0.1752224503764544,0.9023959664108868,0.9,60,call,76.7,41
2026-04-15,698.1414184570312,O:SPY260618P00630000,630.0,2026-06-18,64,0.1752224503764544,0.9023959664108868,0.9,60,put,4.28,15616
2026-04-15,698.1414184570312,O:SPY260618C00665000,665.0,2026-06-18,64,0.1752224503764544,0.952529075655936,0.95,60,call,47.09,141
2026-04-15,698.1414184570312,O:SPY260618P00665000,665.0,2026-06-18,64,0.1752224503764544,0.952529075655936,0.95,60,put,8.12,3789
2026-04-15,698.1414184570312,O:SPY260618C00700000,700.0,2026-06-18,64,0.1752224503764544,1.0026621849009854,1.0,60,call,19.93,6774
2026-04-15,698.1414184570312,O:SPY260618P00700000,700.0,2026-06-18,64,0.1752224503764544,1.0026621849009854,1.0,60,put,16.5,6508
2026-04-15,698.1414184570312,O:SPY260618C00735000,735.0,2026-06-18,64,0.1752224503764544,1.0527952941460346,1.05,60,call,4.45,640
2026-04-15,698.1414184570312,O:SPY260618C00770000,770.0,2026-06-18,64,0.1752224503764544,1.1029284033910838,1.1,60,call,0.59,1217
2026-04-16,699.8569946289062,O:SPY260515P00595000,595.0,2026-05-15,29,0.0793976728268309,0.850173684861854,0.85,30,put,0.61,384
2026-04-16,699.8569946289062,O:SPY260515C00595000,595.0,2026-05-15,29,0.0793976728268309,0.850173684861854,0.85,30,call,108.87,271
2026-04-16,699.8569946289062,O:SPY260515C00630000,630.0,2026-05-15,29,0.0793976728268309,0.9001839016184336,0.9,30,call,74.76,178
2026-04-16,699.8569946289062,O:SPY260515P00630000,630.0,2026-05-15,29,0.0793976728268309,0.9001839016184336,0.9,30,put,1.23,14442
2026-04-16,699.8569946289062,O:SPY260515P00665000,665.0,2026-05-15,29,0.0793976728268309,0.9501941183750132,0.95,30,put,3.23,36117
2026-04-16,699.8569946289062,O:SPY260515C00665000,665.0,2026-05-15,29,0.0793976728268309,0.9501941183750132,0.95,30,call,41.98,33
2026-04-16,699.8569946289062,O:SPY260515C00700000,700.0,2026-05-15,29,0.0793976728268309,1.000204335131593,1.0,30,call,13.89,6387
2026-04-16,699.8569946289062,O:SPY260515P00700000,700.0,2026-05-15,29,0.0793976728268309,1.000204335131593,1.0,30,put,10.23,10473
2026-04-16,699.8569946289062,O:SPY260515C00735000,735.0,2026-05-15,29,0.0793976728268309,1.0502145518881727,1.05,30,call,1.22,4113
2026-04-16,699.8569946289062,O:SPY260515C00770000,770.0,2026-05-15,29,0.0793976728268309,1.1002247686447522,1.1,30,call,0.11,727
2026-04-16,699.8569946289062,O:SPY260717P00595000,595.0,2026-07-17,92,0.2518822724161533,0.850173684861854,0.85,90,put,3.9,53
2026-04-16,699.8569946289062,O:SPY260717P00630000,630.0,2026-07-17,92,0.2518822724161533,0.9001839016184336,0.9,90,put,6.46,1321
2026-04-16,699.8569946289062,O:SPY260717P00665000,665.0,2026-07-17,92,0.2518822724161533,0.9501941183750132,0.95,90,put,10.7,428
2026-04-16,699.8569946289062,O:SPY260717P00700000,700.0,2026-07-17,92,0.2518822724161533,1.000204335131593,1.0,90,put,19.32,1636
2026-04-16,699.8569946289062,O:SPY260717C00700000,700.0,2026-07-17,92,0.2518822724161533,1.000204335131593,1.0,90,call,25.77,615
2026-04-16,699.8569946289062,O:SPY260717C00735000,735.0,2026-07-17,92,0.2518822724161533,1.0502145518881727,1.05,90,call,8.01,6651
2026-04-16,699.8569946289062,O:SPY260717C00770000,770.0,2026-07-17,92,0.2518822724161533,1.1002247686447522,1.1,90,call,1.59,103
2026-04-16,699.8569946289062,O:SPY260618P00595000,595.0,2026-06-18,63,0.1724845995893223,0.850173684861854,0.85,60,put,2.27,74
2026-04-16,699.8569946289062,O:SPY260618P00630000,630.0,2026-06-18,63,0.1724845995893223,0.9001839016184336,0.9,60,put,4.03,22490
2026-04-16,699.8569946289062,O:SPY260618C00665000,665.0,2026-06-18,63,0.1724845995893223,0.9501941183750132,0.95,60,call,48.2,57
2026-04-16,699.8569946289062,O:SPY260618P00665000,665.0,2026-06-18,63,0.1724845995893223,0.9501941183750132,0.95,60,put,7.68,1989
2026-04-16,699.8569946289062,O:SPY260618C00700000,700.0,2026-06-18,63,0.1724845995893223,1.000204335131593,1.0,60,call,21.15,2896
2026-04-16,699.8569946289062,O:SPY260618P00700000,700.0,2026-06-18,63,0.1724845995893223,1.000204335131593,1.0,60,put,15.76,3677
2026-04-16,699.8569946289062,O:SPY260618C00735000,735.0,2026-06-18,63,0.1724845995893223,1.0502145518881727,1.05,60,call,4.81,645
2026-04-16,699.8569946289062,O:SPY260618C00770000,770.0,2026-06-18,63,0.1724845995893223,1.1002247686447522,1.1,60,call,0.61,137
2026-04-16,699.8569946289062,O:SPY260618C00805000,805.0,2026-06-18,63,0.1724845995893223,1.1502349854013318,1.15,60,call,0.18,26
2026-04-17,708.3152465820312,O:SPY260717C00780000,780.0,2026-07-17,91,0.2491444216290212,1.1012045890073423,1.1,90,call,1.59,203
2026-04-17,708.3152465820312,O:SPY260717C00745000,745.0,2026-07-17,91,0.2491444216290212,1.0517915625775256,1.05,90,call,7.73,6103
2026-04-17,708.3152465820312,O:SPY260717P00710000,710.0,2026-07-17,91,0.2491444216290212,1.0023785361477089,1.0,90,put,19.42,1656
2026-04-17,708.3152465820312,O:SPY260717C00710000,710.0,2026-07-17,91,0.2491444216290212,1.0023785361477089,1.0,90,call,24.9,1380
2026-04-17,708.3152465820312,O:SPY260515C00673000,673.0,2026-05-15,28,0.0766598220396988,0.9501419082076172,0.95,30,call,41.95,265
2026-04-17,708.3152465820312,O:SPY260515P00673000,673.0,2026-05-15,28,0.0766598220396988,0.9501419082076172,0.95,30,put,2.74,70307
2026-04-17,708.3152465820312,O:SPY260717P00600000,600.0,2026-07-17,91,0.2491444216290212,0.847080453082571,0.85,90,put,3.66,4061
2026-04-17,708.3152465820312,O:SPY260717C00675000,675.0,2026-07-17,91,0.2491444216290212,0.9529655097178924,0.95,90,call,51.14,80
2026-04-17,708.3152465820312,O:SPY260717P00675000,675.0,2026-07-17,91,0.2491444216290212,0.9529655097178924,0.95,90,put,10.85,1272
2026-04-17,708.3152465820312,O:SPY260515C00708000,708.0,2026-05-15,28,0.0766598220396988,0.9995549346374336,1.0,30,call,13.62,1474
2026-04-17,708.3152465820312,O:SPY260515P00708000,708.0,2026-05-15,28,0.0766598220396988,0.9995549346374336,1.0,30,put,9.54,2007
2026-04-17,708.3152465820312,O:SPY260515P00637000,637.0,2026-05-15,28,0.0766598220396988,0.8993170810226628,0.9,30,put,1.07,121
2026-04-17,708.3152465820312,O:SPY260717P00635000,635.0,2026-07-17,91,0.2491444216290212,0.8964934795123876,0.9,90,put,5.95,3698
2026-04-17,708.3152465820312,O:SPY260618C00780000,780.0,2026-06-18,62,0.1697467488021903,1.1012045890073423,1.1,60,call,0.65,113
2026-04-17,708.3152465820312,O:SPY260515C00780000,780.0,2026-05-15,28,0.0766598220396988,1.1012045890073423,1.1,30,call,0.1,145
2026-04-17,708.3152465820312,O:SPY260618P00745000,745.0,2026-06-18,62,0.1697467488021903,1.0517915625775256,1.05,60,put,36.59,48
2026-04-17,708.3152465820312,O:SPY260618C00745000,745.0,2026-06-18,62,0.1697467488021903,1.0517915625775256,1.05,60,call,4.61,1646
2026-04-17,708.3152465820312,O:SPY260515C00745000,745.0,2026-05-15,28,0.0766598220396988,1.0517915625775256,1.05,30,call,1.03,6251
2026-04-17,708.3152465820312,O:SPY260618P00710000,710.0,2026-06-18,62,0.1697467488021903,1.0023785361477089,1.0,60,put,15.85,7295
2026-04-17,708.3152465820312,O:SPY260618C00710000,710.0,2026-06-18,62,0.1697467488021903,1.0023785361477089,1.0,60,call,20.2,24724
2026-04-17,708.3152465820312,O:SPY260618C00600000,600.0,2026-06-18,62,0.1697467488021903,0.847080453082571,0.85,60,call,115.5,97
2026-04-17,708.3152465820312,O:SPY260618P00600000,600.0,2026-06-18,62,0.1697467488021903,0.847080453082571,0.85,60,put,2.0,3048
2026-04-17,708.3152465820312,O:SPY260618P00675000,675.0,2026-06-18,62,0.1697467488021903,0.9529655097178924,0.95,60,put,7.52,6193
2026-04-17,708.3152465820312,O:SPY260618C00675000,675.0,2026-06-18,62,0.1697467488021903,0.9529655097178924,0.95,60,call,46.75,349
2026-04-17,708.3152465820312,O:SPY260618P00635000,635.0,2026-06-18,62,0.1697467488021903,0.8964934795123876,0.9,60,put,3.54,2334
2026-04-17,708.3152465820312,O:SPY260618C00635000,635.0,2026-06-18,62,0.1697467488021903,0.8964934795123876,0.9,60,call,82.64,36
2026-04-20,706.8988037109375,O:SPY260618P00600000,600.0,2026-06-18,59,0.1615331964407939,0.8487777838217276,0.85,60,put,2.2,1790
2026-04-20,706.8988037109375,O:SPY260618C00635000,635.0,2026-06-18,59,0.1615331964407939,0.8982898212113284,0.9,60,call,80.71,32
2026-04-20,706.8988037109375,O:SPY260618P00635000,635.0,2026-06-18,59,0.1615331964407939,0.8982898212113284,0.9,60,put,3.94,295
2026-04-20,706.8988037109375,O:SPY260618P00670000,670.0,2026-06-18,59,0.1615331964407939,0.9478018586009292,0.95,60,put,7.34,1354
2026-04-20,706.8988037109375,O:SPY260618C00670000,670.0,2026-06-18,59,0.1615331964407939,0.9478018586009292,0.95,60,call,49.34,46
2026-04-20,706.8988037109375,O:SPY260618C00705000,705.0,2026-06-18,59,0.1615331964407939,0.99731389599053,1.0,60,call,22.34,639
2026-04-20,706.8988037109375,O:SPY260618P00705000,705.0,2026-06-18,59,0.1615331964407939,0.99731389599053,1.0,60,put,15.09,2687
2026-04-20,706.8988037109375,O:SPY260522C00707000,707.0,2026-05-22,32,0.0876112251882272,1.0001431552699358,1.0,30,call,15.25,252
2026-04-20,706.8988037109375,O:SPY260522P00707000,707.0,2026-05-22,32,0.0876112251882272,1.0001431552699358,1.0,30,put,11.37,939
2026-04-20,706.8988037109375,O:SPY260522P00601000,601.0,2026-05-22,32,0.0876112251882272,0.8501924134614305,0.85,30,put,0.87,205
2026-04-20,706.8988037109375,O:SPY260618P00740000,740.0,2026-06-18,59,0.1615331964407939,1.0468259333801309,1.05,60,put,35.1,67
2026-04-20,706.8988037109375,O:SPY260618C00740000,740.0,2026-06-18,59,0.1615331964407939,1.0468259333801309,1.05,60,call,5.56,2941
2026-04-20,706.8988037109375,O:SPY260522P00672000,672.0,2026-05-22,32,0.0876112251882272,0.9506311178803348,0.95,30,put,4.19,138
2026-04-20,706.8988037109375,O:SPY260618C00780000,780.0,2026-06-18,59,0.1615331964407939,1.1034111189682458,1.1,60,call,0.54,33
2026-04-20,706.8988037109375,O:SPY260717P00600000,600.0,2026-07-17,88,0.2409308692676249,0.8487777838217276,0.85,90,put,4.01,297
2026-04-20,706.8988037109375,O:SPY260717P00635000,635.0,2026-07-17,88,0.2409308692676249,0.8982898212113284,0.9,90,put,6.52,372
2026-04-20,706.8988037109375,O:SPY260717P00670000,670.0,2026-07-17,88,0.2409308692676249,0.9478018586009292,0.95,90,put,10.69,510
2026-04-20,706.8988037109375,O:SPY260717C00705000,705.0,2026-07-17,88,0.2409308692676249,0.99731389599053,1.0,90,call,27.48,121
2026-04-20,706.8988037109375,O:SPY260717P00705000,705.0,2026-07-17,88,0.2409308692676249,0.99731389599053,1.0,90,put,18.85,1052
2026-04-20,706.8988037109375,O:SPY260717C00740000,740.0,2026-07-17,88,0.2409308692676249,1.0468259333801309,1.05,90,call,9.06,314
2026-04-20,706.8988037109375,O:SPY260717C00780000,780.0,2026-07-17,88,0.2409308692676249,1.1034111189682458,1.1,90,call,1.45,30
2026-04-21,702.2708129882812,O:SPY260522P00667000,667.0,2026-05-22,31,0.0848733744010951,0.9497760517225572,0.95,30,put,4.7,263
2026-04-21,702.2708129882812,O:SPY260522P00702000,702.0,2026-05-22,31,0.0848733744010951,0.9996143752762144,1.0,30,put,12.43,237
2026-04-21,702.2708129882812,O:SPY260522C00737000,737.0,2026-05-22,31,0.0848733744010951,1.0494526988298718,1.05,30,call,2.35,194
2026-04-21,702.2708129882812,O:SPY260522P00595000,595.0,2026-05-22,31,0.0848733744010951,0.8472515004121761,0.85,30,put,1.02,584
2026-04-21,702.2708129882812,O:SPY260522C00770000,770.0,2026-05-22,31,0.0848733744010951,1.0964431181804632,1.1,30,call,0.18,72
2026-04-21,702.2708129882812,O:SPY260618P00595000,595.0,2026-06-18,58,0.1587953456536618,0.8472515004121761,0.85,60,put,2.21,602
2026-04-21,702.2708129882812,O:SPY260618P00630000,630.0,2026-06-18,58,0.1587953456536618,0.8970898239658335,0.9,60,put,4.35,2348
2026-04-21,702.2708129882812,O:SPY260618P00665000,665.0,2026-06-18,58,0.1587953456536618,0.946928147519491,0.95,60,put,7.23,670
2026-04-21,702.2708129882812,O:SPY260618C00700000,700.0,2026-06-18,58,0.1587953456536618,0.9967664710731484,1.0,60,call,25.01,927
2026-04-21,702.2708129882812,O:SPY260618P00700000,700.0,2026-06-18,58,0.1587953456536618,0.9967664710731484,1.0,60,put,14.4,4428
2026-04-21,702.2708129882812,O:SPY260618C00735000,735.0,2026-06-18,58,0.1587953456536618,1.0466047946268058,1.05,60,call,6.47,999
2026-04-21,702.2708129882812,O:SPY260618P00735000,735.0,2026-06-18,58,0.1587953456536618,1.0466047946268058,1.05,60,put,34.0,1105
2026-04-21,702.2708129882812,O:SPY260618C00770000,770.0,2026-06-18,58,0.1587953456536618,1.0964431181804632,1.1,60,call,0.68,275
2026-04-21,702.2708129882812,O:SPY260717P00595000,595.0,2026-07-17,87,0.2381930184804928,0.8472515004121761,0.85,90,put,4.23,51
2026-04-21,702.2708129882812,O:SPY260717P00630000,630.0,2026-07-17,87,0.2381930184804928,0.8970898239658335,0.9,90,put,6.8,395
2026-04-21,702.2708129882812,O:SPY260717P00665000,665.0,2026-07-17,87,0.2381930184804928,0.946928147519491,0.95,90,put,11.36,373
2026-04-21,702.2708129882812,O:SPY260717P00700000,700.0,2026-07-17,87,0.2381930184804928,0.9967664710731484,1.0,90,put,17.99,994
2026-04-21,702.2708129882812,O:SPY260717C00700000,700.0,2026-07-17,87,0.2381930184804928,0.9967664710731484,1.0,90,call,30.3,342
2026-04-21,702.2708129882812,O:SPY260717P00735000,735.0,2026-07-17,87,0.2381930184804928,1.0466047946268058,1.05,90,put,35.34,25
2026-04-21,702.2708129882812,O:SPY260717C00735000,735.0,2026-07-17,87,0.2381930184804928,1.0466047946268058,1.05,90,call,10.08,193
2026-04-21,702.2708129882812,O:SPY260717C00770000,770.0,2026-07-17,87,0.2381930184804928,1.0964431181804632,1.1,90,call,1.83,89
2026-04-22,709.3825073242188,O:SPY260522C00745000,745.0,2026-05-22,30,0.082135523613963,1.050209149941024,1.05,30,call,1.36,116
2026-04-22,709.3825073242188,O:SPY260522P00709000,709.0,2026-05-22,30,0.082135523613963,0.9994607883331356,1.0,30,put,10.93,254
2026-04-22,709.3825073242188,O:SPY260522C00709000,709.0,2026-05-22,30,0.082135523613963,0.9994607883331356,1.0,30,call,15.1,262
2026-04-22,709.3825073242188,O:SPY260618C00745000,745.0,2026-06-18,57,0.1560574948665297,1.050209149941024,1.05,60,call,4.35,418
2026-04-22,709.3825073242188,O:SPY260618C00780000,780.0,2026-06-18,57,0.1560574948665297,1.0995478348375822,1.1,60,call,0.53,213
2026-04-22,709.3825073242188,O:SPY260618P00710000,710.0,2026-06-18,57,0.1560574948665297,1.0008704650444658,1.0,60,put,16.13,3366
2026-04-22,709.3825073242188,O:SPY260618C00710000,710.0,2026-06-18,57,0.1560574948665297,1.0008704650444658,1.0,60,call,20.35,1433
2026-04-22,709.3825073242188,O:SPY260618C00675000,675.0,2026-06-18,57,0.1560574948665297,0.9515317801479076,0.95,60,call,47.49,55
2026-04-22,709.3825073242188,O:SPY260618P00675000,675.0,2026-06-18,57,0.1560574948665297,0.9515317801479076,0.95,60,put,7.77,1764
2026-04-22,709.3825073242188,O:SPY260618P00640000,640.0,2026-06-18,57,0.1560574948665297,0.9021930952513496,0.9,60,put,3.98,1258
2026-04-22,709.3825073242188,O:SPY260618C00640000,640.0,2026-06-18,57,0.1560574948665297,0.9021930952513496,0.9,60,call,78.07,26
2026-04-22,709.3825073242188,O:SPY260618C00605000,605.0,2026-06-18,57,0.1560574948665297,0.8528544103547913,0.85,60,call,111.99,1050
2026-04-22,709.3825073242188,O:SPY260618P00605000,605.0,2026-06-18,57,0.1560574948665297,0.8528544103547913,0.85,60,put,2.25,2854
2026-04-22,709.3825073242188,O:SPY260717C00745000,745.0,2026-07-17,86,0.2354551676933607,1.050209149941024,1.05,90,call,7.85,797
2026-04-22,709.3825073242188,O:SPY260717C00710000,710.0,2026-07-17,86,0.2354551676933607,1.0008704650444658,1.0,90,call,25.3,304
2026-04-22,709.3825073242188,O:SPY260717P00710000,710.0,2026-07-17,86,0.2354551676933607,1.0008704650444658,1.0,90,put,19.85,1886
2026-04-22,709.3825073242188,O:SPY260717C00675000,675.0,2026-07-17,86,0.2354551676933607,0.9515317801479076,0.95,90,call,51.1,28
2026-04-22,709.3825073242188,O:SPY260717P00675000,675.0,2026-07-17,86,0.2354551676933607,0.9515317801479076,0.95,90,put,10.93,106
2026-04-22,709.3825073242188,O:SPY260717P00640000,640.0,2026-07-17,86,0.2354551676933607,0.9021930952513496,0.9,90,put,6.55,1054
2026-04-23,706.6295776367188,O:SPY260522C00742000,742.0,2026-05-22,29,0.0793976728268309,1.0500551115926615,1.05,30,call,1.41,311
2026-04-23,706.6295776367188,O:SPY260522P00671000,671.0,2026-05-22,29,0.0793976728268309,0.9495781399982156,0.95,30,put,3.9,66
2026-04-23,706.6295776367188,O:SPY260522C00707000,707.0,2026-05-22,29,0.0793976728268309,1.0005242101024416,1.0,30,call,14.83,110
2026-04-23,706.6295776367188,O:SPY260522P00707000,707.0,2026-05-22,29,0.0793976728268309,1.0005242101024416,1.0,30,put,11.77,1412
2026-04-23,706.6295776367188,O:SPY260522C00775000,775.0,2026-05-22,29,0.0793976728268309,1.0967556758548689,1.1,30,call,0.1,73
2026-04-23,706.6295776367188,O:SPY260618P00600000,600.0,2026-06-18,56,0.1533196440793976,0.8491011684037695,0.85,60,put,2.19,2443
2026-04-23,706.6295776367188,O:SPY260618P00635000,635.0,2026-06-18,56,0.1533196440793976,0.8986320698939894,0.9,60,put,3.93,333
2026-04-23,706.6295776367188,O:SPY260618P00670000,670.0,2026-06-18,56,0.1533196440793976,0.9481629713842092,0.95,60,put,7.62,2336
2026-04-23,706.6295776367188,O:SPY260618C00670000,670.0,2026-06-18,56,0.1533196440793976,0.9481629713842092,0.95,60,call,49.06,48
2026-04-23,706.6295776367188,O:SPY260618P00705000,705.0,2026-06-18,56,0.1533196440793976,0.9976938728744292,1.0,60,put,15.53,2981
2026-04-23,706.6295776367188,O:SPY260618C00705000,705.0,2026-06-18,56,0.1533196440793976,0.9976938728744292,1.0,60,call,22.14,1348
2026-04-23,706.6295776367188,O:SPY260618P00740000,740.0,2026-06-18,56,0.1533196440793976,1.047224774364649,1.05,60,put,34.34,90
2026-04-23,706.6295776367188,O:SPY260618C00740000,740.0,2026-06-18,56,0.1533196440793976,1.047224774364649,1.05,60,call,4.93,745
2026-04-23,706.6295776367188,O:SPY260618C00775000,775.0,2026-06-18,56,0.1533196440793976,1.0967556758548689,1.1,60,call,0.54,311
2026-04-23,706.6295776367188,O:SPY260618C00815000,815.0,2026-06-18,56,0.1533196440793976,1.15336242041512,1.15,60,call,0.08,272
2026-04-23,706.6295776367188,O:SPY260717P00600000,600.0,2026-07-17,85,0.2327173169062286,0.8491011684037695,0.85,90,put,3.93,2814
2026-04-23,706.6295776367188,O:SPY260717P00635000,635.0,2026-07-17,85,0.2327173169062286,0.8986320698939894,0.9,90,put,6.64,283
2026-04-23,706.6295776367188,O:SPY260717P00670000,670.0,2026-07-17,85,0.2327173169062286,0.9481629713842092,0.95,90,put,10.65,454
2026-04-23,706.6295776367188,O:SPY260717C00670000,670.0,2026-07-17,85,0.2327173169062286,0.9481629713842092,0.95,90,call,52.45,28
2026-04-23,706.6295776367188,O:SPY260717C00705000,705.0,2026-07-17,85,0.2327173169062286,0.9976938728744292,1.0,90,call,27.16,191
2026-04-23,706.6295776367188,O:SPY260717P00705000,705.0,2026-07-17,85,0.2327173169062286,0.9976938728744292,1.0,90,put,18.86,460
2026-04-23,706.6295776367188,O:SPY260717P00740000,740.0,2026-07-17,85,0.2327173169062286,1.047224774364649,1.05,90,put,36.22,53
2026-04-23,706.6295776367188,O:SPY260717C00740000,740.0,2026-07-17,85,0.2327173169062286,1.047224774364649,1.05,90,call,8.54,665
2026-04-23,706.6295776367188,O:SPY260717C00775000,775.0,2026-07-17,85,0.2327173169062286,1.0967556758548689,1.1,90,call,1.6,2537
2026-04-24,712.10546875,O:SPY260522C00712000,712.0,2026-05-22,28,0.0766598220396988,0.999851891672472,1.0,30,call,14.89,144
2026-04-24,712.10546875,O:SPY260522P00712000,712.0,2026-05-22,28,0.0766598220396988,0.999851891672472,1.0,30,put,10.96,531
2026-04-24,712.10546875,O:SPY260522C00748000,748.0,2026-05-22,28,0.0766598220396988,1.0504062008019792,1.05,30,call,1.21,145
2026-04-24,712.10546875,O:SPY260522P00605000,605.0,2026-05-22,28,0.0766598220396988,0.8495932506486596,0.85,30,put,0.63,96
2026-04-24,712.10546875,O:SPY260522P00677000,677.0,2026-05-22,28,0.0766598220396988,0.9507018689076736,0.95,30,put,3.69,337
2026-04-24,712.10546875,O:SPY260522C00677000,677.0,2026-05-22,28,0.0766598220396988,0.9507018689076736,0.95,30,call,42.86,50
2026-04-24,712.10546875,O:SPY260522C00820000,820.0,2026-05-22,28,0.0766598220396988,1.1515148190609932,1.15,30,call,0.02,210
2026-04-24,712.10546875,O:SPY260618P00605000,605.0,2026-06-18,55,0.1505817932922655,0.8495932506486596,0.85,60,put,2.04,6329
2026-04-24,712.10546875,O:SPY260618P00640000,640.0,2026-06-18,55,0.1505817932922655,0.898743273413458,0.9,60,put,3.74,1343
2026-04-24,712.10546875,O:SPY260618C00640000,640.0,2026-06-18,55,0.1505817932922655,0.898743273413458,0.9,60,call,80.22,32
2026-04-24,712.10546875,O:SPY260618C00820000,820.0,2026-06-18,55,0.1505817932922655,1.1515148190609932,1.15,60,call,0.09,167
2026-04-24,712.10546875,O:SPY260618C00675000,675.0,2026-06-18,55,0.1505817932922655,0.9478932961782566,0.95,60,call,49.41,54
2026-04-24,712.10546875,O:SPY260618P00675000,675.0,2026-06-18,55,0.1505817932922655,0.9478932961782566,0.95,60,put,7.3,2482
2026-04-24,712.10546875,O:SPY260618C00785000,785.0,2026-06-18,55,0.1505817932922655,1.1023647962961949,1.1,60,call,0.48,288
2026-04-24,712.10546875,O:SPY260618C00710000,710.0,2026-06-18,55,0.1505817932922655,0.9970433189430552,1.0,60,call,22.12,3936
2026-04-24,712.10546875,O:SPY260618P00710000,710.0,2026-06-18,55,0.1505817932922655,0.9970433189430552,1.0,60,put,15.1,5651
2026-04-24,712.10546875,O:SPY260717P00605000,605.0,2026-07-17,84,0.2299794661190965,0.8495932506486596,0.85,90,put,3.78,168
2026-04-24,712.10546875,O:SPY260618C00750000,750.0,2026-06-18,55,0.1505817932922655,1.053214773531396,1.05,60,call,3.92,4331
2026-04-24,712.10546875,O:SPY260717P00640000,640.0,2026-07-17,84,0.2299794661190965,0.898743273413458,0.9,90,put,6.2,1828
2026-04-24,712.10546875,O:SPY260717C00675000,675.0,2026-07-17,84,0.2299794661190965,0.9478932961782566,0.95,90,call,53.76,32
2026-04-24,712.10546875,O:SPY260717P00675000,675.0,2026-07-17,84,0.2299794661190965,0.9478932961782566,0.95,90,put,10.47,434
2026-04-24,712.10546875,O:SPY260717C00785000,785.0,2026-07-17,84,0.2299794661190965,1.1023647962961949,1.1,90,call,1.4,80
2026-04-24,712.10546875,O:SPY260717C00710000,710.0,2026-07-17,84,0.2299794661190965,0.9970433189430552,1.0,90,call,27.1,301
2026-04-24,712.10546875,O:SPY260717P00710000,710.0,2026-07-17,84,0.2299794661190965,0.9970433189430552,1.0,90,put,18.9,1601
2026-04-24,712.10546875,O:SPY260717C00750000,750.0,2026-07-17,84,0.2299794661190965,1.053214773531396,1.05,90,call,7.26,739
2026-04-27,713.332275390625,O:SPY260529C00749000,749.0,2026-05-29,32,0.0876112251882272,1.050001557254427,1.05,30,call,1.59,76
2026-04-27,713.332275390625,O:SPY260529C00713000,713.0,2026-05-29,32,0.0876112251882272,0.999534192686791,1.0,30,call,15.85,496
2026-04-27,713.332275390625,O:SPY260529P00713000,713.0,2026-05-29,32,0.0876112251882272,0.999534192686791,1.0,30,put,11.15,750
2026-04-27,713.332275390625,O:SPY260529P00606000,606.0,2026-05-29,32,0.0876112251882272,0.8495339702218728,0.85,30,put,0.73,88
2026-04-27,713.332275390625,O:SPY260529C00785000,785.0,2026-05-29,32,0.0876112251882272,1.100468921822063,1.1,30,call,0.13,64
2026-04-27,713.332275390625,O:SPY260630C00820000,820.0,2026-06-30,64,0.1752224503764544,1.149534415151709,1.15,60,call,0.15,312
2026-04-27,713.332275390625,O:SPY260630P00713000,713.0,2026-06-30,64,0.1752224503764544,0.999534192686791,1.0,60,put,16.4,75
2026-04-27,713.332275390625,O:SPY260630C00713000,713.0,2026-06-30,64,0.1752224503764544,0.999534192686791,1.0,60,call,21.93,56
2026-04-27,713.332275390625,O:SPY260630P00678000,678.0,2026-06-30,64,0.1752224503764544,0.9504686993571448,0.95,60,put,8.4,589
2026-04-27,713.332275390625,O:SPY260630C00750000,750.0,2026-06-30,64,0.1752224503764544,1.0514034284924167,1.05,60,call,4.9,147
2026-04-28,709.8612060546875,O:SPY260529C00710000,710.0,2026-05-29,31,0.0848733744010951,1.0001955226516517,1.0,30,call,15.12,1136
2026-04-28,709.8612060546875,O:SPY260529P00710000,710.0,2026-05-29,31,0.0848733744010951,1.0001955226516517,1.0,30,put,10.75,1975
2026-04-28,709.8612060546875,O:SPY260529C00745000,745.0,2026-05-29,31,0.0848733744010951,1.0495009357401135,1.05,30,call,1.43,786
2026-04-28,709.8612060546875,O:SPY260529P00674000,674.0,2026-05-29,31,0.0848733744010951,0.9494813834749484,0.95,30,put,3.56,150
2026-04-28,709.8612060546875,O:SPY260529C00780000,780.0,2026-05-29,31,0.0848733744010951,1.098806348828575,1.1,30,call,0.09,44
2026-04-28,709.8612060546875,O:SPY260630P00710000,710.0,2026-06-30,63,0.1724845995893223,1.0001955226516517,1.0,60,put,16.03,1139
2026-04-28,709.8612060546875,O:SPY260630C00710000,710.0,2026-06-30,63,0.1724845995893223,1.0001955226516517,1.0,60,call,21.25,83
2026-04-28,709.8612060546875,O:SPY260630C00745000,745.0,2026-06-30,63,0.1724845995893223,1.0495009357401135,1.05,60,call,4.93,170
2026-04-28,709.8612060546875,O:SPY260630C00780000,780.0,2026-06-30,63,0.1724845995893223,1.098806348828575,1.1,60,call,0.65,266
2026-04-28,709.8612060546875,O:SPY260731C00710000,710.0,2026-07-31,94,0.2573579739904175,1.0001955226516517,1.0,90,call,27.38,27
2026-04-28,709.8612060546875,O:SPY260731P00710000,710.0,2026-07-31,94,0.2573579739904175,1.0001955226516517,1.0,90,put,20.32,50
2026-04-28,709.8612060546875,O:SPY260731C00745000,745.0,2026-07-31,94,0.2573579739904175,1.0495009357401135,1.05,90,call,9.48,86
2026-04-28,709.8612060546875,O:SPY260731C00815000,815.0,2026-07-31,94,0.2573579739904175,1.148111761917037,1.15,90,call,0.43,141
2026-04-28,709.8612060546875,O:SPY261030P00710000,710.0,2026-10-30,185,0.5065023956194388,1.0001955226516517,1.0,180,put,30.21,33
2026-04-28,709.8612060546875,O:SPY261030C00745000,745.0,2026-10-30,185,0.5065023956194388,1.0495009357401135,1.05,180,call,21.74,95
2026-04-28,709.8612060546875,O:SPY261030P00640000,640.0,2026-10-30,185,0.5065023956194388,0.9015846964747284,0.9,180,put,14.54,40
2026-04-28,709.8612060546875,O:SPY261030C00820000,820.0,2026-10-30,185,0.5065023956194388,1.1551553923582456,1.15,180,call,2.63,50
2026-04-29,709.7515258789062,O:SPY260529C00745000,745.0,2026-05-29,30,0.082135523613963,1.0496631184800125,1.05,30,call,1.0,343
2026-04-29,709.7515258789062,O:SPY260529P00710000,710.0,2026-05-29,30,0.082135523613963,1.0003500860681998,1.0,30,put,12.51,3410
2026-04-29,709.7515258789062,O:SPY260529C00710000,710.0,2026-05-29,30,0.082135523613963,1.0003500860681998,1.0,30,call,14.8,1135
2026-04-29,709.7515258789062,O:SPY260529C00674000,674.0,2026-05-29,30,0.082135523613963,0.9496281098731923,0.95,30,call,42.85,59
2026-04-29,709.7515258789062,O:SPY260529P00674000,674.0,2026-05-29,30,0.082135523613963,0.9496281098731923,0.95,30,put,4.18,84
2026-04-29,709.7515258789062,O:SPY260529C00780000,780.0,2026-05-29,30,0.082135523613963,1.0989761508918252,1.1,30,call,0.06,62
2026-04-29,709.7515258789062,O:SPY260630C00745000,745.0,2026-06-30,62,0.1697467488021903,1.0496631184800125,1.05,60,call,4.23,220
2026-04-29,709.7515258789062,O:SPY260630C00710000,710.0,2026-06-30,62,0.1697467488021903,1.0003500860681998,1.0,60,call,19.62,151
2026-04-29,709.7515258789062,O:SPY260630P00710000,710.0,2026-06-30,62,0.1697467488021903,1.0003500860681998,1.0,60,put,17.87,450
2026-04-29,709.7515258789062,O:SPY260630P00674000,674.0,2026-06-30,62,0.1697467488021903,0.9496281098731923,0.95,60,put,8.29,51
2026-04-29,709.7515258789062,O:SPY260630P00603000,603.0,2026-06-30,62,0.1697467488021903,0.8495931012663726,0.85,60,put,2.27,25
2026-04-29,709.7515258789062,O:SPY260630C00780000,780.0,2026-06-30,62,0.1697467488021903,1.0989761508918252,1.1,60,call,0.52,30
2026-04-29,709.7515258789062,O:SPY260731C00745000,745.0,2026-07-31,93,0.2546201232032854,1.0496631184800125,1.05,90,call,9.06,52
2026-04-29,709.7515258789062,O:SPY260731C00710000,710.0,2026-07-31,93,0.2546201232032854,1.0003500860681998,1.0,90,call,27.4,29
2026-04-29,709.7515258789062,O:SPY260731P00710000,710.0,2026-07-31,93,0.2546201232032854,1.0003500860681998,1.0,90,put,20.53,138
2026-04-29,709.7515258789062,O:SPY261030P00710000,710.0,2026-10-30,184,0.5037645448323066,1.0003500860681998,1.0,180,put,31.34,422
2026-04-30,716.8132934570312,O:SPY260529P00681000,681.0,2026-05-29,29,0.0793976728268309,0.9500381845817736,0.95,30,put,2.9,857
2026-04-30,716.8132934570312,O:SPY260630P00645000,645.0,2026-06-30,61,0.1670088980150581,0.8998159016963934,0.9,60,put,3.49,1360
2026-04-30,716.8132934570312,O:SPY260529P00645000,645.0,2026-05-29,29,0.0793976728268309,0.8998159016963934,0.9,30,put,1.06,424
2026-04-30,716.8132934570312,O:SPY260529P00717000,717.0,2026-05-29,29,0.0793976728268309,1.0002604674671536,1.0,30,put,9.68,578
2026-04-30,716.8132934570312,O:SPY260630P00717000,717.0,2026-06-30,61,0.1670088980150581,1.0002604674671536,1.0,60,put,15.41,82
2026-04-30,716.8132934570312,O:SPY260630C00717000,717.0,2026-06-30,61,0.1670088980150581,1.0002604674671536,1.0,60,call,20.61,84
2026-04-30,716.8132934570312,O:SPY260529C00717000,717.0,2026-05-29,29,0.0793976728268309,1.0002604674671536,1.0,30,call,14.5,127
2026-04-30,716.8132934570312,O:SPY260630C00790000,790.0,2026-06-30,61,0.1670088980150581,1.1021000966513963,1.1,60,call,0.41,77
2026-04-30,716.8132934570312,O:SPY260731P00681000,681.0,2026-07-31,92,0.2518822724161533,0.9500381845817736,0.95,90,put,10.76,19005
2026-04-30,716.8132934570312,O:SPY260731P00717000,717.0,2026-07-31,92,0.2518822724161533,1.0002604674671536,1.0,90,put,19.42,123
2026-04-30,716.8132934570312,O:SPY260731C00753000,753.0,2026-07-31,92,0.2518822724161533,1.0504827503525336,1.05,90,call,7.17,101
2026-04-30,716.8132934570312,O:SPY260529C00755000,755.0,2026-05-29,29,0.0793976728268309,1.0532728771794992,1.05,30,call,0.76,151
2026-04-30,716.8132934570312,O:SPY260630C00755000,755.0,2026-06-30,61,0.1670088980150581,1.0532728771794992,1.05,60,call,3.77,725
2026-04-30,716.8132934570312,O:SPY260731C00790000,790.0,2026-07-31,92,0.2518822724161533,1.1021000966513963,1.1,90,call,1.63,84
2026-04-30,716.8132934570312,O:SPY261030C00825000,825.0,2026-10-30,183,0.5010266940451745,1.1509273161232938,1.15,180,call,2.47,41
2026-04-30,716.8132934570312,O:SPY261030C00790000,790.0,2026-10-30,183,0.5010266940451745,1.1021000966513963,1.1,180,call,7.91,186
2026-05-01,718.7982177734375,O:SPY260630P00647000,647.0,2026-06-30,60,0.164271047227926,0.9001135283893149,0.9,60,put,3.49,29
2026-05-01,718.7982177734375,O:SPY260630P00719000,719.0,2026-06-30,60,0.164271047227926,1.0002807216567502,1.0,60,put,15.23,72
2026-05-01,718.7982177734375,O:SPY260630C00719000,719.0,2026-06-30,60,0.164271047227926,1.0002807216567502,1.0,60,call,20.49,27
2026-05-01,718.7982177734375,O:SPY260630C00755000,755.0,2026-06-30,60,0.164271047227926,1.0503643182904678,1.05,60,call,4.03,272
2026-05-01,718.7982177734375,O:SPY260630C00790000,790.0,2026-06-30,60,0.164271047227926,1.0990567039065824,1.1,60,call,0.48,1564
2026-05-01,718.7982177734375,O:SPY260731C00755000,755.0,2026-07-31,91,0.2491444216290212,1.0503643182904678,1.05,90,call,8.81,39
2026-05-01,718.7982177734375,O:SPY260529P00683000,683.0,2026-05-29,28,0.0766598220396988,0.9501971250230326,0.95,30,put,2.85,286
2026-05-01,718.7982177734375,O:SPY260529C00683000,683.0,2026-05-29,28,0.0766598220396988,0.9501971250230326,0.95,30,call,43.37,36
2026-05-01,718.7982177734375,O:SPY260529P00719000,719.0,2026-05-29,28,0.0766598220396988,1.0002807216567502,1.0,30,put,9.95,200
2026-05-01,718.7982177734375,O:SPY260529C00719000,719.0,2026-05-29,28,0.0766598220396988,1.0002807216567502,1.0,30,call,13.29,211
2026-05-01,718.7982177734375,O:SPY261030P00719000,719.0,2026-10-30,182,0.4982888432580424,1.0002807216567502,1.0,180,put,28.92,61
2026-05-01,718.7982177734375,O:SPY260529C00755000,755.0,2026-05-29,28,0.0766598220396988,1.0503643182904678,1.05,30,call,0.76,1774
2026-05-01,718.7982177734375,O:SPY261030C00755000,755.0,2026-10-30,182,0.4982888432580424,1.0503643182904678,1.05,180,call,20.85,55
2026-05-01,718.7982177734375,O:SPY261030C00790000,790.0,2026-10-30,182,0.4982888432580424,1.0990567039065824,1.1,180,call,9.01,27
2026-05-01,718.7982177734375,O:SPY260529C00790000,790.0,2026-05-29,28,0.0766598220396988,1.0990567039065824,1.1,30,call,0.06,226
2026-05-01,718.7982177734375,O:SPY261030P00610000,610.0,2026-10-30,182,0.4982888432580424,0.848638720737994,0.85,180,put,9.15,29
2026-05-04,716.1649780273438,O:SPY261030P00680000,680.0,2026-10-30,179,0.4900752908966461,0.9495018897364136,0.95,180,put,20.35,96
2026-05-04,716.1649780273438,O:SPY261030P00610000,610.0,2026-10-30,179,0.4900752908966461,0.8517590481459004,0.85,180,put,9.91,44
2026-05-04,716.1649780273438,O:SPY261030C00750000,750.0,2026-10-30,179,0.4900752908966461,1.0472447313269266,1.05,180,call,21.64,62
2026-05-04,716.1649780273438,O:SPY260731P00716000,716.0,2026-07-31,88,0.2409308692676249,0.999769636840106,1.0,90,put,20.09,43
2026-05-04,716.1649780273438,O:SPY260605P00716000,716.0,2026-06-05,32,0.0876112251882272,0.999769636840106,1.0,30,put,11.32,475
2026-05-04,716.1649780273438,O:SPY260605C00716000,716.0,2026-06-05,32,0.0876112251882272,0.999769636840106,1.0,30,call,15.78,120
2026-05-04,716.1649780273438,O:SPY260605P00680000,680.0,2026-06-05,32,0.0876112251882272,0.9495018897364136,0.95,30,put,3.98,687
2026-05-04,716.1649780273438,O:SPY260731P00680000,680.0,2026-07-31,88,0.2409308692676249,0.9495018897364136,0.95,90,put,11.04,2880
2026-05-04,716.1649780273438,O:SPY260605P00645000,645.0,2026-06-05,32,0.0876112251882272,0.900630468941157,0.9,30,put,1.58,797
2026-05-04,716.1649780273438,O:SPY260731P00610000,610.0,2026-07-31,88,0.2409308692676249,0.8517590481459004,0.85,90,put,4.11,36
2026-05-04,716.1649780273438,O:SPY260605C00750000,750.0,2026-06-05,32,0.0876112251882272,1.0472447313269266,1.05,30,call,1.59,254
2026-05-04,716.1649780273438,O:SPY260605C00790000,790.0,2026-06-05,32,0.0876112251882272,1.1030977836643627,1.1,30,call,0.07,329
2026-05-04,716.1649780273438,O:SPY260630P00680000,680.0,2026-06-30,57,0.1560574948665297,0.9495018897364136,0.95,60,put,7.32,3081
2026-05-04,716.1649780273438,O:SPY260630P00645000,645.0,2026-06-30,57,0.1560574948665297,0.900630468941157,0.9,60,put,3.72,88
2026-05-04,716.1649780273438,O:SPY260630C00750000,750.0,2026-06-30,57,0.1560574948665297,1.0472447313269266,1.05,60,call,4.32,171
2026-05-04,716.1649780273438,O:SPY260630C00790000,790.0,2026-06-30,57,0.1560574948665297,1.1030977836643627,1.1,60,call,0.35,47
2026-05-05,721.9102172851562,O:SPY260605P00722000,722.0,2026-06-05,31,0.0848733744010951,1.000124368256182,1.0,30,put,10.85,997
2026-05-05,721.9102172851562,O:SPY260605P00686000,686.0,2026-06-05,31,0.0848733744010951,0.9502566712240178,0.95,30,put,3.55,69
2026-05-05,721.9102172851562,O:SPY260605P00650000,650.0,2026-06-05,31,0.0848733744010951,0.9003889741918536,0.9,30,put,1.25,127
2026-05-05,721.9102172851562,O:SPY260605C00760000,760.0,2026-06-05,31,0.0848733744010951,1.0527624929012442,1.05,30,call,0.99,385
2026-05-05,721.9102172851562,O:SPY261030C00722000,722.0,2026-10-30,178,0.487337440109514,1.000124368256182,1.0,180,call,41.79,33
2026-05-05,721.9102172851562,O:SPY261030P00722000,722.0,2026-10-30,178,0.487337440109514,1.000124368256182,1.0,180,put,29.91,148
2026-05-05,721.9102172851562,O:SPY261030P00686000,686.0,2026-10-30,178,0.487337440109514,0.9502566712240178,0.95,180,put,19.99,28
2026-05-05,721.9102172851562,O:SPY261030C00760000,760.0,2026-10-30,178,0.487337440109514,1.0527624929012442,1.05,180,call,20.0,1061
2026-05-05,721.9102172851562,O:SPY260731C00722000,722.0,2026-07-31,87,0.2381930184804928,1.000124368256182,1.0,90,call,26.27,64
2026-05-05,721.9102172851562,O:SPY260731P00722000,722.0,2026-07-31,87,0.2381930184804928,1.000124368256182,1.0,90,put,19.7,593
2026-05-05,721.9102172851562,O:SPY260731P00650000,650.0,2026-07-31,87,0.2381930184804928,0.9003889741918536,0.9,90,put,6.42,42
2026-05-05,721.9102172851562,O:SPY260630P00722000,722.0,2026-06-30,56,0.1533196440793976,1.000124368256182,1.0,60,put,14.98,396
2026-05-05,721.9102172851562,O:SPY260630C00722000,722.0,2026-06-30,56,0.1533196440793976,1.000124368256182,1.0,60,call,20.33,32
2026-05-05,721.9102172851562,O:SPY260630P00650000,650.0,2026-06-30,56,0.1533196440793976,0.9003889741918536,0.9,60,put,3.49,712
2026-05-05,721.9102172851562,O:SPY260630C00795000,795.0,2026-06-30,56,0.1533196440793976,1.1012449761269594,1.1,60,call,0.37,61
2026-05-05,721.9102172851562,O:SPY260630C00760000,760.0,2026-06-30,56,0.1533196440793976,1.0527624929012442,1.05,60,call,3.48,206
2026-05-06,731.9443359375,O:SPY260605P00732000,732.0,2026-06-05,30,0.082135523613963,1.000076049584329,1.0,30,put,10.59,1242
2026-05-06,731.9443359375,O:SPY260605C00732000,732.0,2026-06-05,30,0.082135523613963,1.000076049584329,1.0,30,call,14.93,407
2026-05-06,731.9443359375,O:SPY260605C00805000,805.0,2026-06-05,30,0.082135523613963,1.099810409720471,1.1,30,call,0.12,62
2026-05-06,731.9443359375,O:SPY260605P00695000,695.0,2026-06-05,30,0.082135523613963,0.9495257574605308,0.95,30,put,3.15,455
2026-05-06,731.9443359375,O:SPY260605C00770000,770.0,2026-06-05,30,0.082135523613963,1.051992565819581,1.05,30,call,1.3,540
2026-05-06,731.9443359375,O:SPY261030P00732000,732.0,2026-10-30,177,0.4845995893223819,1.000076049584329,1.0,180,put,29.72,551
2026-05-06,731.9443359375,O:SPY261030C00770000,770.0,2026-10-30,177,0.4845995893223819,1.051992565819581,1.05,180,call,20.42,3215
2026-05-06,731.9443359375,O:SPY260731P00732000,732.0,2026-07-31,86,0.2354551676933607,1.000076049584329,1.0,90,put,19.62,190
2026-05-06,731.9443359375,O:SPY260731C00732000,732.0,2026-07-31,86,0.2354551676933607,1.000076049584329,1.0,90,call,26.3,323
2026-05-06,731.9443359375,O:SPY260731C00805000,805.0,2026-07-31,86,0.2354551676933607,1.099810409720471,1.1,90,call,1.89,437
2026-05-06,731.9443359375,O:SPY261030P00620000,620.0,2026-10-30,177,0.4845995893223819,0.8470589491014808,0.85,180,put,9.25,35
2026-05-06,731.9443359375,O:SPY260731C00695000,695.0,2026-07-31,86,0.2354551676933607,0.9495257574605308,0.95,90,call,52.4,60
2026-05-06,731.9443359375,O:SPY260630P00732000,732.0,2026-06-30,55,0.1505817932922655,1.000076049584329,1.0,60,put,15.2,241
2026-05-06,731.9443359375,O:SPY260630C00732000,732.0,2026-06-30,55,0.1505817932922655,1.000076049584329,1.0,60,call,19.6,325
2026-05-06,731.9443359375,O:SPY260630C00805000,805.0,2026-06-30,55,0.1505817932922655,1.099810409720471,1.1,60,call,0.6,499
2026-05-06,731.9443359375,O:SPY260630P00622000,622.0,2026-06-30,55,0.1505817932922655,0.8497913973243888,0.85,60,put,1.73,25
2026-05-06,731.9443359375,O:SPY260630P00695000,695.0,2026-06-30,55,0.1505817932922655,0.9495257574605308,0.95,60,put,6.51,239
2026-05-06,731.9443359375,O:SPY260630C00770000,770.0,2026-06-30,55,0.1505817932922655,1.051992565819581,1.05,60,call,3.74,963
2026-05-06,731.9443359375,O:SPY260630C00840000,840.0,2026-06-30,55,0.1505817932922655,1.1476282536213611,1.15,60,call,0.12,32
2026-05-06,731.9443359375,O:SPY260731C00830000,830.0,2026-07-31,86,0.2354551676933607,1.1339660125068212,1.15,90,call,0.69,305
2026-05-07,729.7001342773438,O:SPY260605P00693000,693.0,2026-06-05,29,0.0793976728268309,0.9497051836043724,0.95,30,put,3.05,47
2026-05-07,729.7001342773438,O:SPY260605P00657000,657.0,2026-06-05,29,0.0793976728268309,0.9003698493911583,0.9,30,put,1.15,30
2026-05-07,729.7001342773438,O:SPY260605P00730000,730.0,2026-06-05,29,0.0793976728268309,1.0004109437679536,1.0,30,put,10.15,730
2026-05-07,729.7001342773438,O:SPY260605C00730000,730.0,2026-06-05,29,0.0793976728268309,1.0004109437679536,1.0,30,call,14.43,300
2026-05-07,729.7001342773438,O:SPY260605C00840000,840.0,2026-06-05,29,0.0793976728268309,1.1511577983083303,1.15,30,call,0.06,368
2026-05-07,729.7001342773438,O:SPY260605C00765000,765.0,2026-06-05,29,0.0793976728268309,1.0483758520308009,1.05,30,call,1.32,591
2026-05-07,729.7001342773438,O:SPY261030P00730000,730.0,2026-10-30,176,0.4818617385352498,1.0004109437679536,1.0,180,put,29.15,107
2026-05-07,729.7001342773438,O:SPY261030C00730000,730.0,2026-10-30,176,0.4818617385352498,1.0004109437679536,1.0,180,call,40.48,68
2026-05-07,729.7001342773438,O:SPY261030C00840000,840.0,2026-10-30,176,0.4818617385352498,1.1511577983083303,1.15,180,call,2.91,32
2026-05-07,729.7001342773438,O:SPY260731C00766000,766.0,2026-07-31,85,0.2327173169062286,1.049746277981168,1.05,90,call,9.0,26
2026-05-07,729.7001342773438,O:SPY260731P00730000,730.0,2026-07-31,85,0.2327173169062286,1.0004109437679536,1.0,90,put,18.95,757
2026-05-07,729.7001342773438,O:SPY260731C00730000,730.0,2026-07-31,85,0.2327173169062286,1.0004109437679536,1.0,90,call,25.62,41
2026-05-07,729.7001342773438,O:SPY260630P00620000,620.0,2026-06-30,54,0.1478439425051334,0.8496640892275771,0.85,60,put,1.61,88
2026-05-07,729.7001342773438,O:SPY260630C00730000,730.0,2026-06-30,54,0.1478439425051334,1.0004109437679536,1.0,60,call,18.66,150
2026-05-07,729.7001342773438,O:SPY260630P00730000,730.0,2026-06-30,54,0.1478439425051334,1.0004109437679536,1.0,60,put,14.83,1719
2026-05-07,729.7001342773438,O:SPY260630C00840000,840.0,2026-06-30,54,0.1478439425051334,1.1511577983083303,1.15,60,call,0.16,27
2026-05-07,729.7001342773438,O:SPY260630C00765000,765.0,2026-06-30,54,0.1478439425051334,1.0483758520308009,1.05,60,call,4.06,186
2026-05-07,729.7001342773438,O:SPY260630C00805000,805.0,2026-06-30,54,0.1478439425051334,1.1031928900454833,1.1,60,call,0.33,36
2026-05-07,729.7001342773438,O:SPY260731C00830000,830.0,2026-07-31,85,0.2327173169062286,1.1374535388046596,1.15,90,call,0.49,91
2026-05-08,735.724609375,O:SPY260605P00699000,699.0,2026-06-05,28,0.0766598220396988,0.9500837556511836,0.95,30,put,2.92,79
2026-05-08,735.724609375,O:SPY260605C00736000,736.0,2026-06-05,28,0.0766598220396988,1.0003743121019617,1.0,30,call,13.8,460
2026-05-08,735.724609375,O:SPY260605P00736000,736.0,2026-06-05,28,0.0766598220396988,1.0003743121019617,1.0,30,put,10.2,500
2026-05-08,735.724609375,O:SPY260605C00810000,810.0,2026-06-05,28,0.0766598220396988,1.1009554250035174,1.1,30,call,0.1,431
2026-05-08,735.724609375,O:SPY260605C00775000,775.0,2026-06-05,28,0.0766598220396988,1.0533832770095384,1.05,30,call,0.92,636
2026-05-08,735.724609375,O:SPY261030C00810000,810.0,2026-10-30,175,0.4791238877481177,1.1009554250035174,1.1,180,call,8.61,35
2026-05-08,735.724609375,O:SPY260731C00736000,736.0,2026-07-31,84,0.2299794661190965,1.0003743121019617,1.0,90,call,25.52,73
2026-05-08,735.724609375,O:SPY261030C00775000,775.0,2026-10-30,175,0.4791238877481177,1.0533832770095384,1.05,180,call,19.65,231
2026-05-08,735.724609375,O:SPY260731C00810000,810.0,2026-07-31,84,0.2299794661190965,1.1009554250035174,1.1,90,call,1.85,170
2026-05-08,735.724609375,O:SPY260630P00699000,699.0,2026-06-30,53,0.1451060917180013,0.9500837556511836,0.95,60,put,6.2,93
2026-05-08,735.724609375,O:SPY260630C00736000,736.0,2026-06-30,53,0.1451060917180013,1.0003743121019617,1.0,60,call,18.72,126
2026-05-08,735.724609375,O:SPY260630P00736000,736.0,2026-06-30,53,0.1451060917180013,1.0003743121019617,1.0,60,put,14.98,568
2026-05-08,735.724609375,O:SPY260630P00625000,625.0,2026-06-30,53,0.1451060917180013,0.8495026427496277,0.85,60,put,1.58,65
2026-05-08,735.724609375,O:SPY260630C00810000,810.0,2026-06-30,53,0.1451060917180013,1.1009554250035174,1.1,60,call,0.44,124
2026-05-08,735.724609375,O:SPY260630C00775000,775.0,2026-06-30,53,0.1451060917180013,1.0533832770095384,1.05,60,call,3.3,553
2026-05-08,735.724609375,O:SPY260731C00830000,830.0,2026-07-31,84,0.2299794661190965,1.1281395095715057,1.15,90,call,0.74,65
2026-05-11,737.4002685546875,O:SPY260612P00737000,737.0,2026-06-12,32,0.0876112251882272,0.9994571895729412,1.0,30,put,11.66,478
2026-05-11,737.4002685546875,O:SPY260612C00737000,737.0,2026-06-12,32,0.0876112251882272,0.9994571895729412,1.0,30,call,15.8,141
2026-05-11,737.4002685546875,O:SPY260612P00701000,701.0,2026-06-12,32,0.0876112251882272,0.9506370283454976,0.95,30,put,3.92,104
2026-05-11,737.4002685546875,O:SPY260612C00775000,775.0,2026-06-12,32,0.0876112251882272,1.050989581979687,1.05,30,call,1.76,356
2026-05-11,737.4002685546875,O:SPY260612C00810000,810.0,2026-06-12,32,0.0876112251882272,1.0984536276174794,1.1,30,call,0.15,81
2026-05-11,737.4002685546875,O:SPY260612P00665000,665.0,2026-06-12,32,0.0876112251882272,0.901816867118054,0.9,30,put,1.6,46
2026-05-11,737.4002685546875,O:SPY260612P00625000,625.0,2026-06-12,32,0.0876112251882272,0.8475722435320057,0.85,30,put,0.75,324
2026-05-11,737.4002685546875,O:SPY260717C00700000,700.0,2026-07-17,67,0.1834360027378508,0.9492809127558464,0.95,60,call,50.98,95
2026-05-11,737.4002685546875,O:SPY260717P00700000,700.0,2026-07-17,67,0.1834360027378508,0.9492809127558464,0.95,60,put,8.62,6446
2026-05-11,737.4002685546875,O:SPY260717C00775000,775.0,2026-07-17,67,0.1834360027378508,1.050989581979687,1.05,60,call,6.08,353
2026-05-11,737.4002685546875,O:SPY260717C00810000,810.0,2026-07-17,67,0.1834360027378508,1.0984536276174794,1.1,60,call,1.14,149
2026-05-11,737.4002685546875,O:SPY260717C00665000,665.0,2026-07-17,67,0.1834360027378508,0.901816867118054,0.9,60,call,81.4,61
2026-05-11,737.4002685546875,O:SPY260717P00665000,665.0,2026-07-17,67,0.1834360027378508,0.901816867118054,0.9,60,put,4.75,153
2026-05-11,737.4002685546875,O:SPY260717P00625000,625.0,2026-07-17,67,0.1834360027378508,0.8475722435320057,0.85,60,put,2.64,151
2026-05-11,737.4002685546875,O:SPY260717C00850000,850.0,2026-07-17,67,0.1834360027378508,1.1526982512035278,1.15,60,call,0.2,172
2026-05-11,737.4002685546875,O:SPY260717P00735000,735.0,2026-07-17,67,0.1834360027378508,0.9967449583936387,1.0,60,put,17.35,1141
2026-05-11,737.4002685546875,O:SPY260717C00735000,735.0,2026-07-17,67,0.1834360027378508,0.9967449583936387,1.0,60,call,24.54,434
2026-05-11,737.4002685546875,O:SPY261030C00810000,810.0,2026-10-30,172,0.4709103353867214,1.0984536276174794,1.1,180,call,9.77,5003
2026-05-11,737.4002685546875,O:SPY261030C00850000,850.0,2026-10-30,172,0.4709103353867214,1.1526982512035278,1.15,180,call,3.26,134
2026-05-11,737.4002685546875,O:SPY260731P00737000,737.0,2026-07-31,81,0.2217659137577002,0.9994571895729412,1.0,90,put,20.11,400
2026-05-11,737.4002685546875,O:SPY260731C00810000,810.0,2026-07-31,81,0.2217659137577002,1.0984536276174794,1.1,90,call,1.91,211
2026-05-11,737.4002685546875,O:SPY260731C00830000,830.0,2026-07-31,81,0.2217659137577002,1.1255759394105036,1.15,90,call,0.8,78
2026-05-12,736.2831420898438,O:SPY260612P00736000,736.0,2026-06-12,31,0.0848733744010951,0.9996154440137796,1.0,30,put,11.35,1232
2026-05-12,736.2831420898438,O:SPY260612C00736000,736.0,2026-06-12,31,0.0848733744010951,0.9996154440137796,1.0,30,call,15.91,1291
2026-05-12,736.2831420898438,O:SPY260612P00625000,625.0,2026-06-12,31,0.0848733744010951,0.8488582235171362,0.85,30,put,0.67,89
2026-05-12,736.2831420898438,O:SPY260612C00775000,775.0,2026-06-12,31,0.0848733744010951,1.052584197161249,1.05,30,call,1.35,325
2026-05-12,736.2831420898438,O:SPY260612P00665000,665.0,2026-06-12,31,0.0848733744010951,0.903185149822233,0.9,30,put,1.52,217
2026-05-12,736.2831420898438,O:SPY260717C00700000,700.0,2026-07-17,66,0.1806981519507187,0.9507212103391928,0.95,60,call,49.7,81
2026-05-12,736.2831420898438,O:SPY260717P00700000,700.0,2026-07-17,66,0.1806981519507187,0.9507212103391928,0.95,60,put,8.59,5652
2026-05-12,736.2831420898438,O:SPY260717P00625000,625.0,2026-07-17,66,0.1806981519507187,0.8488582235171362,0.85,60,put,2.53,285
2026-05-12,736.2831420898438,O:SPY260717P00735000,735.0,2026-07-17,66,0.1806981519507187,0.9982572708561522,1.0,60,put,17.44,1242
2026-05-12,736.2831420898438,O:SPY260717C00735000,735.0,2026-07-17,66,0.1806981519507187,0.9982572708561522,1.0,60,call,23.69,471
2026-05-12,736.2831420898438,O:SPY260717C00845000,845.0,2026-07-17,66,0.1806981519507187,1.1476563181951682,1.15,60,call,0.17,170
2026-05-12,736.2831420898438,O:SPY260717C00775000,775.0,2026-07-17,66,0.1806981519507187,1.052584197161249,1.05,60,call,5.35,498
2026-05-12,736.2831420898438,O:SPY260717P00665000,665.0,2026-07-17,66,0.1806981519507187,0.903185149822233,0.9,60,put,4.66,556
2026-05-12,736.2831420898438,O:SPY260717C00665000,665.0,2026-07-17,66,0.1806981519507187,0.903185149822233,0.9,60,call,79.18,35
2026-05-12,736.2831420898438,O:SPY261030C00810000,810.0,2026-10-30,171,0.4681724845995893,1.1001202576782083,1.1,180,call,7.74,5001
2026-05-12,736.2831420898438,O:SPY261030C00775000,775.0,2026-10-30,171,0.4681724845995893,1.052584197161249,1.05,180,call,19.96,34
2026-05-12,736.2831420898438,O:SPY260731P00626000,626.0,2026-07-31,80,0.2190280629705681,0.8502163966747637,0.85,90,put,3.77,258
2026-05-12,736.2831420898438,O:SPY260731P00736000,736.0,2026-07-31,80,0.2190280629705681,0.9996154440137796,1.0,90,put,19.47,372
2026-05-12,736.2831420898438,O:SPY260731C00736000,736.0,2026-07-31,80,0.2190280629705681,0.9996154440137796,1.0,90,call,25.88,46
2026-05-12,736.2831420898438,O:SPY260731C00830000,830.0,2026-07-31,80,0.2190280629705681,1.127283720830757,1.15,90,call,0.69,72
2026-05-13,740.4025268554688,O:SPY260612P00703000,703.0,2026-06-12,30,0.082135523613963,0.9494835234905,0.95,30,put,3.18,41
2026-05-13,740.4025268554688,O:SPY260612C00740000,740.0,2026-06-12,30,0.082135523613963,0.9994563405163156,1.0,30,call,15.85,937
2026-05-13,740.4025268554688,O:SPY260612P00740000,740.0,2026-06-12,30,0.082135523613963,0.9994563405163156,1.0,30,put,10.64,741
2026-05-13,740.4025268554688,O:SPY260612P00630000,630.0,2026-06-12,30,0.082135523613963,0.8508885061152418,0.85,30,put,0.58,39
2026-05-13,740.4025268554688,O:SPY260612C00665000,665.0,2026-06-12,30,0.082135523613963,0.8981600897883107,0.9,30,call,81.23,499
2026-05-13,740.4025268554688,O:SPY260612P00665000,665.0,2026-06-12,30,0.082135523613963,0.8981600897883107,0.9,30,put,1.16,95
2026-05-13,740.4025268554688,O:SPY260612C00775000,775.0,2026-06-12,30,0.082135523613963,1.0467279241893848,1.05,30,call,2.28,504
2026-05-13,740.4025268554688,O:SPY260717C00740000,740.0,2026-07-17,65,0.1779603011635865,0.9994563405163156,1.0,60,call,23.16,3271
2026-05-13,740.4025268554688,O:SPY260717P00740000,740.0,2026-07-17,65,0.1779603011635865,0.9994563405163156,1.0,60,put,17.21,1608
2026-05-13,740.4025268554688,O:SPY260717P00630000,630.0,2026-07-17,65,0.1779603011635865,0.8508885061152418,0.85,60,put,2.5,102
2026-05-13,740.4025268554688,O:SPY260717P00665000,665.0,2026-07-17,65,0.1779603011635865,0.8981600897883107,0.9,60,put,4.21,492
2026-05-13,740.4025268554688,O:SPY260717C00850000,850.0,2026-07-17,65,0.1779603011635865,1.1480241749173896,1.15,60,call,0.23,135
2026-05-13,740.4025268554688,O:SPY260717P00705000,705.0,2026-07-17,65,0.1779603011635865,0.9521847568432468,0.95,60,put,8.48,685
2026-05-13,740.4025268554688,O:SPY260717C00775000,775.0,2026-07-17,65,0.1779603011635865,1.0467279241893848,1.05,60,call,7.06,801
2026-05-13,740.4025268554688,O:SPY260821C00740000,740.0,2026-08-21,100,0.2737850787132101,0.9994563405163156,1.0,90,call,30.46,232
2026-05-13,740.4025268554688,O:SPY260821P00740000,740.0,2026-08-21,100,0.2737850787132101,0.9994563405163156,1.0,90,put,22.16,467
2026-05-13,740.4025268554688,O:SPY261030P00740000,740.0,2026-10-30,170,0.4654346338124572,0.9994563405163156,1.0,180,put,30.0,33
2026-05-13,740.4025268554688,O:SPY261030C00740000,740.0,2026-10-30,170,0.4654346338124572,0.9994563405163156,1.0,180,call,42.76,34
2026-05-13,740.4025268554688,O:SPY260821C00815000,815.0,2026-08-21,100,0.2737850787132101,1.1007525912443208,1.1,90,call,3.35,255
2026-05-13,740.4025268554688,O:SPY260821P00630000,630.0,2026-08-21,100,0.2737850787132101,0.8508885061152418,0.85,90,put,4.74,564
2026-05-13,740.4025268554688,O:SPY260821P00665000,665.0,2026-08-21,100,0.2737850787132101,0.8981600897883107,0.9,90,put,7.16,82
2026-05-13,740.4025268554688,O:SPY260821C00850000,850.0,2026-08-21,100,0.2737850787132101,1.1480241749173896,1.15,90,call,0.93,637
2026-05-13,740.4025268554688,O:SPY260821P00705000,705.0,2026-08-21,100,0.2737850787132101,0.9521847568432468,0.95,90,put,12.69,53
2026-05-13,740.4025268554688,O:SPY260821C00775000,775.0,2026-08-21,100,0.2737850787132101,1.0467279241893848,1.05,90,call,12.97,127
2026-05-14,746.2474975585938,O:SPY260612C00746000,746.0,2026-06-12,29,0.0793976728268309,0.999668343867948,1.0,30,call,15.25,233
2026-05-14,746.2474975585938,O:SPY260612P00746000,746.0,2026-06-12,29,0.0793976728268309,0.999668343867948,1.0,30,put,10.32,905
2026-05-14,746.2474975585938,O:SPY260612P00635000,635.0,2026-06-12,29,0.0793976728268309,0.8509241264827707,0.85,30,put,0.52,1521
2026-05-14,746.2474975585938,O:SPY260612C00820000,820.0,2026-06-12,29,0.0793976728268309,1.098831155458066,1.1,30,call,0.15,26
2026-05-14,746.2474975585938,O:SPY260612C00785000,785.0,2026-06-12,29,0.0793976728268309,1.0519298256519292,1.05,30,call,1.3,388
2026-05-14,746.2474975585938,O:SPY260612P00670000,670.0,2026-06-12,29,0.0793976728268309,0.8978254562889078,0.9,30,put,0.98,85
2026-05-14,746.2474975585938,O:SPY260717P00635000,635.0,2026-07-17,64,0.1752224503764544,0.8509241264827707,0.85,60,put,2.29,40
2026-05-14,746.2474975585938,O:SPY260717C00820000,820.0,2026-07-17,64,0.1752224503764544,1.098831155458066,1.1,60,call,1.03,774
2026-05-14,746.2474975585938,O:SPY260717C00710000,710.0,2026-07-17,64,0.1752224503764544,0.95142697606735,0.95,60,call,49.51,108
2026-05-14,746.2474975585938,O:SPY260717P00710000,710.0,2026-07-17,64,0.1752224503764544,0.95142697606735,0.95,60,put,7.84,1771
2026-05-14,746.2474975585938,O:SPY260717P00745000,745.0,2026-07-17,64,0.1752224503764544,0.998328305873487,1.0,60,put,16.6,1986
2026-05-14,746.2474975585938,O:SPY260717C00745000,745.0,2026-07-17,64,0.1752224503764544,0.998328305873487,1.0,60,call,22.95,701
2026-05-14,746.2474975585938,O:SPY260717C00785000,785.0,2026-07-17,64,0.1752224503764544,1.0519298256519292,1.05,60,call,5.67,1056
2026-05-14,746.2474975585938,O:SPY260717P00670000,670.0,2026-07-17,64,0.1752224503764544,0.8978254562889078,0.9,60,put,3.87,805
2026-05-14,746.2474975585938,O:SPY260717C00860000,860.0,2026-07-17,64,0.1752224503764544,1.1524326752365084,1.15,60,call,0.2,226
2026-05-14,746.2474975585938,O:SPY260821P00635000,635.0,2026-08-21,99,0.271047227926078,0.8509241264827707,0.85,90,put,4.46,71
2026-05-14,746.2474975585938,O:SPY260821C00820000,820.0,2026-08-21,99,0.271047227926078,1.098831155458066,1.1,90,call,3.35,54
2026-05-14,746.2474975585938,O:SPY260821C00710000,710.0,2026-08-21,99,0.271047227926078,0.95142697606735,0.95,90,call,56.41,87
2026-05-14,746.2474975585938,O:SPY260821P00710000,710.0,2026-08-21,99,0.271047227926078,0.95142697606735,0.95,90,put,12.21,1713
2026-05-14,746.2474975585938,O:SPY260821P00745000,745.0,2026-08-21,99,0.271047227926078,0.998328305873487,1.0,90,put,21.38,521
2026-05-14,746.2474975585938,O:SPY260821C00745000,745.0,2026-08-21,99,0.271047227926078,0.998328305873487,1.0,90,call,30.61,348
2026-05-14,746.2474975585938,O:SPY260821C00785000,785.0,2026-08-21,99,0.271047227926078,1.0519298256519292,1.05,90,call,11.12,159
2026-05-14,746.2474975585938,O:SPY260821P00670000,670.0,2026-08-21,99,0.271047227926078,0.8978254562889078,0.9,90,put,7.01,87
2026-05-14,746.2474975585938,O:SPY260821C00860000,860.0,2026-08-21,99,0.271047227926078,1.1524326752365084,1.15,90,call,0.8,64
2026-05-14,746.2474975585938,O:SPY261120C00820000,820.0,2026-11-20,190,0.5201916495550992,1.098831155458066,1.1,180,call,11.91,636
2026-05-14,746.2474975585938,O:SPY261120P00710000,710.0,2026-11-20,190,0.5201916495550992,0.95142697606735,0.95,180,put,21.78,27
2026-05-14,746.2474975585938,O:SPY261120P00745000,745.0,2026-11-20,190,0.5201916495550992,0.998328305873487,1.0,180,put,31.61,75
2026-05-14,746.2474975585938,O:SPY261120C00785000,785.0,2026-11-20,190,0.5201916495550992,1.0519298256519292,1.05,180,call,24.21,462
2026-05-15,737.2706298828125,O:SPY260612C00737000,737.0,2026-06-12,28,0.0766598220396988,0.9996329300641535,1.0,30,call,14.1,68
2026-05-15,737.2706298828125,O:SPY260612P00737000,737.0,2026-06-12,28,0.0766598220396988,0.9996329300641535,1.0,30,put,10.83,171
2026-05-15,737.2706298828125,O:SPY260612P00700000,700.0,2026-06-12,28,0.0766598220396988,0.94944783045442,0.95,30,put,3.38,697
2026-05-15,737.2706298828125,O:SPY260612C00775000,775.0,2026-06-12,28,0.0766598220396988,1.0511743837173937,1.05,30,call,1.05,376
2026-05-15,737.2706298828125,O:SPY260612C00810000,810.0,2026-06-12,28,0.0766598220396988,1.0986467752401146,1.1,30,call,0.07,75
2026-05-15,737.2706298828125,O:SPY260612P00665000,665.0,2026-06-12,28,0.0766598220396988,0.901975438931699,0.9,30,put,1.17,370
2026-05-15,737.2706298828125,O:SPY260612P00625000,625.0,2026-06-12,28,0.0766598220396988,0.8477212771914464,0.85,30,put,0.61,30
2026-05-15,737.2706298828125,O:SPY260612C00850000,850.0,2026-06-12,28,0.0766598220396988,1.152900936980367,1.15,30,call,0.03,62
2026-05-15,737.2706298828125,O:SPY260717P00700000,700.0,2026-07-17,63,0.1724845995893223,0.94944783045442,0.95,60,put,8.39,12522
2026-05-15,737.2706298828125,O:SPY260717C00700000,700.0,2026-07-17,63,0.1724845995893223,0.94944783045442,0.95,60,call,49.82,309
2026-05-15,737.2706298828125,O:SPY260717C00775000,775.0,2026-07-17,63,0.1724845995893223,1.0511743837173937,1.05,60,call,4.84,1249
2026-05-15,737.2706298828125,O:SPY260717P00775000,775.0,2026-07-17,63,0.1724845995893223,1.0511743837173937,1.05,60,put,37.53,104
2026-05-15,737.2706298828125,O:SPY260717C00810000,810.0,2026-07-17,63,0.1724845995893223,1.0986467752401146,1.1,60,call,0.73,353
2026-05-15,737.2706298828125,O:SPY260717P00665000,665.0,2026-07-17,63,0.1724845995893223,0.901975438931699,0.9,60,put,4.51,327
2026-05-15,737.2706298828125,O:SPY260717P00625000,625.0,2026-07-17,63,0.1724845995893223,0.8477212771914464,0.85,60,put,2.49,281
2026-05-15,737.2706298828125,O:SPY260717C00850000,850.0,2026-07-17,63,0.1724845995893223,1.152900936980367,1.15,60,call,0.12,190
2026-05-15,737.2706298828125,O:SPY260717C00735000,735.0,2026-07-17,63,0.1724845995893223,0.996920221977141,1.0,60,call,22.9,191
2026-05-15,737.2706298828125,O:SPY260717P00735000,735.0,2026-07-17,63,0.1724845995893223,0.996920221977141,1.0,60,put,17.05,1239
2026-05-15,737.2706298828125,O:SPY260821C00700000,700.0,2026-08-21,98,0.2683093771389459,0.94944783045442,0.95,90,call,57.16,56
2026-05-15,737.2706298828125,O:SPY260821P00700000,700.0,2026-08-21,98,0.2683093771389459,0.94944783045442,0.95,90,put,12.61,10932
2026-05-15,737.2706298828125,O:SPY260821C00775000,775.0,2026-08-21,98,0.2683093771389459,1.0511743837173937,1.05,90,call,10.47,68
2026-05-15,737.2706298828125,O:SPY260821C00810000,810.0,2026-08-21,98,0.2683093771389459,1.0986467752401146,1.1,90,call,3.13,77
2026-05-15,737.2706298828125,O:SPY260821P00665000,665.0,2026-08-21,98,0.2683093771389459,0.901975438931699,0.9,90,put,7.69,141
2026-05-15,737.2706298828125,O:SPY260821C00665000,665.0,2026-08-21,98,0.2683093771389459,0.901975438931699,0.9,90,call,88.73,38
2026-05-15,737.2706298828125,O:SPY260821P00625000,625.0,2026-08-21,98,0.2683093771389459,0.8477212771914464,0.85,90,put,4.5,409
2026-05-15,737.2706298828125,O:SPY260821C00850000,850.0,2026-08-21,98,0.2683093771389459,1.152900936980367,1.15,90,call,0.57,1152
2026-05-15,737.2706298828125,O:SPY260821P00735000,735.0,2026-08-21,98,0.2683093771389459,0.996920221977141,1.0,90,put,22.01,369
2026-05-15,737.2706298828125,O:SPY260821C00735000,735.0,2026-08-21,98,0.2683093771389459,0.996920221977141,1.0,90,call,30.9,103
2026-05-15,737.2706298828125,O:SPY261120P00700000,700.0,2026-11-20,189,0.5174537987679672,0.94944783045442,0.95,180,put,21.19,55
2026-05-15,737.2706298828125,O:SPY261120C00775000,775.0,2026-11-20,189,0.5174537987679672,1.0511743837173937,1.05,180,call,24.25,56
2026-05-15,737.2706298828125,O:SPY261120C00850000,850.0,2026-11-20,189,0.5174537987679672,1.152900936980367,1.15,180,call,4.66,29
2026-05-18,736.751953125,O:SPY260717C00700000,700.0,2026-07-17,60,0.164271047227926,0.9501162460864702,0.95,60,call,48.2,80
2026-05-18,736.751953125,O:SPY260717P00700000,700.0,2026-07-17,60,0.164271047227926,0.9501162460864702,0.95,60,put,7.61,5501
2026-05-18,736.751953125,O:SPY260717P00737000,737.0,2026-07-17,60,0.164271047227926,1.000336676236755,1.0,60,put,16.75,346
2026-05-18,736.751953125,O:SPY260717C00737000,737.0,2026-07-17,60,0.164271047227926,1.000336676236755,1.0,60,call,20.84,82
2026-05-18,736.751953125,O:SPY260717C00774000,774.0,2026-07-17,60,0.164271047227926,1.0505571063870398,1.05,60,call,4.66,39
2026-05-18,736.751953125,O:SPY260717C00810000,810.0,2026-07-17,60,0.164271047227926,1.099420227614344,1.1,60,call,0.56,778
2026-05-18,736.751953125,O:SPY260717P00625000,625.0,2026-07-17,60,0.164271047227926,0.8483180768629197,0.85,60,put,2.19,1421
2026-05-18,736.751953125,O:SPY260717P00665000,665.0,2026-07-17,60,0.164271047227926,0.9026104337821468,0.9,60,put,4.0,426
2026-05-18,736.751953125,O:SPY260618P00663000,663.0,2026-06-18,31,0.0848733744010951,0.8998958159361853,0.9,30,put,1.47,249
2026-05-18,736.751953125,O:SPY260618C00700000,700.0,2026-06-18,31,0.0848733744010951,0.9501162460864702,0.95,30,call,43.3,144
2026-05-18,736.751953125,O:SPY260618P00700000,700.0,2026-06-18,31,0.0848733744010951,0.9501162460864702,0.95,30,put,3.87,10815
2026-05-18,736.751953125,O:SPY260618C00737000,737.0,2026-06-18,31,0.0848733744010951,1.000336676236755,1.0,30,call,14.85,581
2026-05-18,736.751953125,O:SPY260618P00737000,737.0,2026-06-18,31,0.0848733744010951,1.000336676236755,1.0,30,put,12.01,2342
2026-05-18,736.751953125,O:SPY260618C00774000,774.0,2026-06-18,31,0.0848733744010951,1.0505571063870398,1.05,30,call,1.4,196
2026-05-18,736.751953125,O:SPY260618C00810000,810.0,2026-06-18,31,0.0848733744010951,1.099420227614344,1.1,30,call,0.08,136
2026-05-18,736.751953125,O:SPY260618P00625000,625.0,2026-06-18,31,0.0848733744010951,0.8483180768629197,0.85,30,put,0.67,339
2026-05-18,736.751953125,O:SPY260618C00845000,845.0,2026-06-18,31,0.0848733744010951,1.1469260399186676,1.15,30,call,0.04,120
2026-05-18,736.751953125,O:SPY260821P00700000,700.0,2026-08-21,95,0.2600958247775496,0.9501162460864702,0.95,90,put,11.65,5259
2026-05-18,736.751953125,O:SPY260821C00810000,810.0,2026-08-21,95,0.2600958247775496,1.099420227614344,1.1,90,call,2.43,57
2026-05-18,736.751953125,O:SPY260821P00625000,625.0,2026-08-21,95,0.2600958247775496,0.8483180768629197,0.85,90,put,4.31,127
2026-05-18,736.751953125,O:SPY260821C00775000,775.0,2026-08-21,95,0.2600958247775496,1.0519144153100204,1.05,90,call,9.41,256
2026-05-18,736.751953125,O:SPY260821C00735000,735.0,2026-08-21,95,0.2600958247775496,0.9976220583907937,1.0,90,call,29.0,310
2026-05-18,736.751953125,O:SPY260821P00735000,735.0,2026-08-21,95,0.2600958247775496,0.9976220583907937,1.0,90,put,20.58,536
2026-05-18,736.751953125,O:SPY260821C00665000,665.0,2026-08-21,95,0.2600958247775496,0.9026104337821468,0.9,90,call,82.78,87
2026-05-18,736.751953125,O:SPY260821P00665000,665.0,2026-08-21,95,0.2600958247775496,0.9026104337821468,0.9,90,put,7.09,2157
2026-05-18,736.751953125,O:SPY261120P00700000,700.0,2026-11-20,186,0.5092402464065708,0.9501162460864702,0.95,180,put,20.92,118
2026-05-18,736.751953125,O:SPY260821C00845000,845.0,2026-08-21,95,0.2600958247775496,1.1469260399186676,1.15,90,call,0.53,76
2026-05-18,736.751953125,O:SPY261120C00775000,775.0,2026-11-20,186,0.5092402464065708,1.0519144153100204,1.05,180,call,20.51,196
2026-05-19,731.8446044921875,O:SPY260618C00732000,732.0,2026-06-18,30,0.082135523613963,1.0002123340212643,1.0,30,call,15.21,242
2026-05-19,731.8446044921875,O:SPY260618P00732000,732.0,2026-06-18,30,0.082135523613963,1.0002123340212643,1.0,30,put,11.8,556
2026-05-19,731.8446044921875,O:SPY260618P00695000,695.0,2026-06-18,30,0.082135523613963,0.9496551532032496,0.95,30,put,3.79,3884
2026-05-19,731.8446044921875,O:SPY260618C00768000,768.0,2026-06-18,30,0.082135523613963,1.0494031045469003,1.05,30,call,1.49,248
2026-05-19,731.8446044921875,O:SPY260618C00660000,660.0,2026-06-18,30,0.082135523613963,0.9018307929699924,0.9,30,call,77.75,76
2026-05-19,731.8446044921875,O:SPY260618P00660000,660.0,2026-06-18,30,0.082135523613963,0.9018307929699924,0.9,30,put,1.44,16381
2026-05-19,731.8446044921875,O:SPY260717C00805000,805.0,2026-07-17,59,0.1615331964407939,1.099960285364915,1.1,60,call,0.55,300
2026-05-19,731.8446044921875,O:SPY260618P00620000,620.0,2026-06-18,30,0.082135523613963,0.8471743812748415,0.85,30,put,0.64,605
2026-05-19,731.8446044921875,O:SPY260618C00620000,620.0,2026-06-18,30,0.082135523613963,0.8471743812748415,0.85,30,call,114.28,42
2026-05-19,731.8446044921875,O:SPY260717C00732000,732.0,2026-07-17,59,0.1615331964407939,1.0002123340212643,1.0,60,call,21.26,192
2026-05-19,731.8446044921875,O:SPY260717P00732000,732.0,2026-07-17,59,0.1615331964407939,1.0002123340212643,1.0,60,put,16.95,441
2026-05-19,731.8446044921875,O:SPY260717P00695000,695.0,2026-07-17,59,0.1615331964407939,0.9496551532032496,0.95,60,put,7.87,537
2026-05-19,731.8446044921875,O:SPY260717C00768000,768.0,2026-07-17,59,0.1615331964407939,1.0494031045469003,1.05,60,call,5.04,55
2026-05-19,731.8446044921875,O:SPY260717P00660000,660.0,2026-07-17,59,0.1615331964407939,0.9018307929699924,0.9,60,put,4.08,722
2026-05-19,731.8446044921875,O:SPY260717C00840000,840.0,2026-07-17,59,0.1615331964407939,1.1477846455981724,1.15,60,call,0.1,41
2026-05-19,731.8446044921875,O:SPY260717P00620000,620.0,2026-07-17,59,0.1615331964407939,0.8471743812748415,0.85,60,put,2.14,212
2026-05-19,731.8446044921875,O:SPY260821P00695000,695.0,2026-08-21,94,0.2573579739904175,0.9496551532032496,0.95,90,put,11.75,136
2026-05-19,731.8446044921875,O:SPY260821P00660000,660.0,2026-08-21,94,0.2573579739904175,0.9018307929699924,0.9,90,put,7.25,109
2026-05-19,731.8446044921875,O:SPY260821C00770000,770.0,2026-08-21,94,0.2573579739904175,1.052135925131658,1.05,90,call,9.29,489
2026-05-19,731.8446044921875,O:SPY260821P00730000,730.0,2026-08-21,94,0.2573579739904175,0.9974795134365068,1.0,90,put,20.51,539
2026-05-19,731.8446044921875,O:SPY260821C00730000,730.0,2026-08-21,94,0.2573579739904175,0.9974795134365068,1.0,90,call,29.66,526
2026-05-19,731.8446044921875,O:SPY261120C00805000,805.0,2026-11-20,185,0.5065023956194388,1.099960285364915,1.1,180,call,10.26,29
2026-05-19,731.8446044921875,O:SPY260821P00620000,620.0,2026-08-21,94,0.2573579739904175,0.8471743812748415,0.85,90,put,4.25,98
2026-05-19,731.8446044921875,O:SPY261120C00770000,770.0,2026-11-20,185,0.5065023956194388,1.052135925131658,1.05,180,call,21.89,149
2026-05-19,731.8446044921875,O:SPY261120P00730000,730.0,2026-11-20,185,0.5065023956194388,0.9974795134365068,1.0,180,put,30.64,39
2026-05-20,739.3452758789062,O:SPY260618C00850000,850.0,2026-06-18,29,0.0793976728268309,1.149665829661996,1.15,30,call,0.03,53
2026-05-20,739.3452758789062,O:SPY260618C00776000,776.0,2026-06-18,29,0.0793976728268309,1.0495772750796577,1.05,30,call,1.31,690
2026-05-20,739.3452758789062,O:SPY260618C00739000,739.0,2026-06-18,29,0.0793976728268309,0.9995329977884884,1.0,30,call,14.52,307
2026-05-20,739.3452758789062,O:SPY260618P00739000,739.0,2026-06-18,29,0.0793976728268309,0.9995329977884884,1.0,30,put,11.19,862
2026-05-20,739.3452758789062,O:SPY260618P00702000,702.0,2026-06-18,29,0.0793976728268309,0.9494887204973188,0.95,30,put,3.3,9272
2026-05-20,739.3452758789062,O:SPY260618P00665000,665.0,2026-06-18,29,0.0793976728268309,0.8994444432061497,0.9,30,put,1.21,289
2026-05-20,739.3452758789062,O:SPY260618C00665000,665.0,2026-06-18,29,0.0793976728268309,0.8994444432061497,0.9,30,call,80.36,62
2026-05-20,739.3452758789062,O:SPY260618P00630000,630.0,2026-06-18,29,0.0793976728268309,0.8521052619847734,0.85,30,put,0.57,401
2026-05-20,739.3452758789062,O:SPY260618C00630000,630.0,2026-06-18,29,0.0793976728268309,0.8521052619847734,0.85,30,call,113.63,416
2026-05-20,739.3452758789062,O:SPY260618C00815000,815.0,2026-06-18,29,0.0793976728268309,1.1023266484406196,1.1,30,call,0.08,102
2026-05-20,739.3452758789062,O:SPY260717C00776000,776.0,2026-07-17,58,0.1587953456536618,1.0495772750796577,1.05,60,call,4.81,308
2026-05-20,739.3452758789062,O:SPY260717C00739000,739.0,2026-07-17,58,0.1587953456536618,0.9995329977884884,1.0,60,call,20.32,222
2026-05-20,739.3452758789062,O:SPY260717P00739000,739.0,2026-07-17,58,0.1587953456536618,0.9995329977884884,1.0,60,put,15.95,477
2026-05-20,739.3452758789062,O:SPY260717P00702000,702.0,2026-07-17,58,0.1587953456536618,0.9494887204973188,0.95,60,put,7.21,49
2026-05-20,739.3452758789062,O:SPY260717P00665000,665.0,2026-07-17,58,0.1587953456536618,0.8994444432061497,0.9,60,put,3.58,323
2026-05-20,739.3452758789062,O:SPY260717P00630000,630.0,2026-07-17,58,0.1587953456536618,0.8521052619847734,0.85,60,put,2.04,499
2026-05-20,739.3452758789062,O:SPY260717C00815000,815.0,2026-07-17,58,0.1587953456536618,1.1023266484406196,1.1,60,call,0.53,187
2026-05-20,739.3452758789062,O:SPY260821C00850000,850.0,2026-08-21,93,0.2546201232032854,1.149665829661996,1.15,90,call,0.52,978
2026-05-20,739.3452758789062,O:SPY260821P00665000,665.0,2026-08-21,93,0.2546201232032854,0.8994444432061497,0.9,90,put,6.67,698
2026-05-20,739.3452758789062,O:SPY260821P00740000,740.0,2026-08-21,93,0.2546201232032854,1.0008855458233847,1.0,90,put,21.16,1888
2026-05-20,739.3452758789062,O:SPY260821C00740000,740.0,2026-08-21,93,0.2546201232032854,1.0008855458233847,1.0,90,call,27.45,3185
2026-05-20,739.3452758789062,O:SPY260821C00775000,775.0,2026-08-21,93,0.2546201232032854,1.0482247270447609,1.05,90,call,10.15,657
2026-05-20,739.3452758789062,O:SPY260821C00815000,815.0,2026-08-21,93,0.2546201232032854,1.1023266484406196,1.1,90,call,2.17,35
2026-05-20,739.3452758789062,O:SPY260821P00700000,700.0,2026-08-21,93,0.2546201232032854,0.946783624427526,0.95,90,put,10.95,2502
2026-05-20,739.3452758789062,O:SPY261120P00740000,740.0,2026-11-20,184,0.5037645448323066,1.0008855458233847,1.0,180,put,31.15,135
2026-05-20,739.3452758789062,O:SPY261120C00775000,775.0,2026-11-20,184,0.5037645448323066,1.0482247270447609,1.05,180,call,23.05,85
2026-05-20,739.3452758789062,O:SPY261120P00700000,700.0,2026-11-20,184,0.5037645448323066,0.946783624427526,0.95,180,put,20.13,225
2026-05-21,740.8114624023438,O:SPY260618C00815000,815.0,2026-06-18,28,0.0766598220396988,1.1001449644921444,1.1,30,call,0.05,27
2026-05-21,740.8114624023438,O:SPY260821C00815000,815.0,2026-08-21,92,0.2518822724161533,1.1001449644921444,1.1,90,call,2.21,156
2026-05-21,740.8114624023438,O:SPY260618C00778000,778.0,2026-06-18,28,0.0766598220396988,1.050199732975323,1.05,30,call,1.01,1128
2026-05-21,740.8114624023438,O:SPY260618C00741000,741.0,2026-06-18,28,0.0766598220396988,1.0002545014585018,1.0,30,call,13.85,808
2026-05-21,740.8114624023438,O:SPY260618P00741000,741.0,2026-06-18,28,0.0766598220396988,1.0002545014585018,1.0,30,put,10.41,833
2026-05-21,740.8114624023438,O:SPY260618P00704000,704.0,2026-06-18,28,0.0766598220396988,0.9503092699416804,0.95,30,put,2.88,23199
2026-05-21,740.8114624023438,O:SPY260618C00667000,667.0,2026-06-18,28,0.0766598220396988,0.9003640384248592,0.9,30,call,74.72,31
2026-05-21,740.8114624023438,O:SPY260618P00667000,667.0,2026-06-18,28,0.0766598220396988,0.9003640384248592,0.9,30,put,1.02,73
2026-05-21,740.8114624023438,O:SPY260821P00630000,630.0,2026-08-21,92,0.2518822724161533,0.850418806908038,0.85,90,put,3.8,132
2026-05-21,740.8114624023438,O:SPY260618P00630000,630.0,2026-06-18,28,0.0766598220396988,0.850418806908038,0.85,30,put,0.49,830
2026-05-21,740.8114624023438,O:SPY260618C00630000,630.0,2026-06-18,28,0.0766598220396988,0.850418806908038,0.85,30,call,114.38,63
2026-05-21,740.8114624023438,O:SPY260821P00740000,740.0,2026-08-21,92,0.2518822724161533,0.9989046303364256,1.0,90,put,19.7,1156
2026-05-21,740.8114624023438,O:SPY260821C00740000,740.0,2026-08-21,92,0.2518822724161533,0.9989046303364256,1.0,90,call,27.9,949
2026-05-21,740.8114624023438,O:SPY260821C00705000,705.0,2026-08-21,92,0.2518822724161533,0.9516591410637568,0.95,90,call,53.26,48
2026-05-21,740.8114624023438,O:SPY260821P00705000,705.0,2026-08-21,92,0.2518822724161533,0.9516591410637568,0.95,90,put,10.86,184
2026-05-21,740.8114624023438,O:SPY260821P00665000,665.0,2026-08-21,92,0.2518822724161533,0.8976642961807068,0.9,90,put,6.04,97
2026-05-21,740.8114624023438,O:SPY260618C00850000,850.0,2026-06-18,28,0.0766598220396988,1.1473904537648132,1.15,30,call,0.01,929
2026-05-21,740.8114624023438,O:SPY260821C00850000,850.0,2026-08-21,92,0.2518822724161533,1.1473904537648132,1.15,90,call,0.5,188
2026-05-21,740.8114624023438,O:SPY260821C00780000,780.0,2026-08-21,92,0.2518822724161533,1.0528994752194756,1.05,90,call,8.91,341
2026-05-21,740.8114624023438,O:SPY260717C00778000,778.0,2026-07-17,57,0.1560574948665297,1.050199732975323,1.05,60,call,4.26,52
2026-05-21,740.8114624023438,O:SPY260717P00741000,741.0,2026-07-17,57,0.1560574948665297,1.0002545014585018,1.0,60,put,15.33,195
2026-05-21,740.8114624023438,O:SPY260717C00741000,741.0,2026-07-17,57,0.1560574948665297,1.0002545014585018,1.0,60,call,19.41,69
2026-05-21,740.8114624023438,O:SPY260717P00704000,704.0,2026-07-17,57,0.1560574948665297,0.9503092699416804,0.95,60,put,6.61,53
2026-05-21,740.8114624023438,O:SPY260717P00630000,630.0,2026-07-17,57,0.1560574948665297,0.850418806908038,0.85,60,put,1.77,309
2026-05-21,740.8114624023438,O:SPY261120C00740000,740.0,2026-11-20,183,0.5010266940451745,0.9989046303364256,1.0,180,call,42.39,82
2026-05-21,740.8114624023438,O:SPY261120P00740000,740.0,2026-11-20,183,0.5010266940451745,0.9989046303364256,1.0,180,put,29.75,43
2026-05-21,740.8114624023438,O:SPY260717P00665000,665.0,2026-07-17,57,0.1560574948665297,0.8976642961807068,0.9,60,put,3.06,301
2026-05-21,740.8114624023438,O:SPY260717C00850000,850.0,2026-07-17,57,0.1560574948665297,1.1473904537648132,1.15,60,call,0.1,36
2026-05-21,740.8114624023438,O:SPY261120C00780000,780.0,2026-11-20,183,0.5010266940451745,1.0528994752194756,1.05,180,call,20.8,97
2026-05-22,743.7239990234375,O:SPY260821P00707000,707.0,2026-08-21,91,0.2491444216290212,0.9506214683516214,0.95,90,put,10.31,116
2026-05-22,743.7239990234375,O:SPY260821C00820000,820.0,2026-08-21,91,0.2491444216290212,1.102559553109377,1.1,90,call,2.13,436
2026-05-22,743.7239990234375,O:SPY260821P00630000,630.0,2026-08-21,91,0.2491444216290212,0.8470884371450091,0.85,90,put,3.63,116
2026-05-22,743.7239990234375,O:SPY261120P00745000,745.0,2026-11-20,182,0.4982888432580424,1.001715691544495,1.0,180,put,30.84,101
2026-05-22,743.7239990234375,O:SPY260618C00781000,781.0,2026-06-18,27,0.0739219712525667,1.0501207450956385,1.05,30,call,1.04,365
2026-05-22,743.7239990234375,O:SPY260618P00744000,744.0,2026-06-18,27,0.0739219712525667,1.0003711067236298,1.0,30,put,10.4,710
2026-05-22,743.7239990234375,O:SPY260618C00744000,744.0,2026-06-18,27,0.0739219712525667,1.0003711067236298,1.0,30,call,13.54,102
2026-05-22,743.7239990234375,O:SPY260618P00669000,669.0,2026-06-18,27,0.0739219712525667,0.8995272451587478,0.9,30,put,0.99,485
2026-05-22,743.7239990234375,O:SPY260618P00707000,707.0,2026-06-18,27,0.0739219712525667,0.9506214683516214,0.95,30,put,2.78,805
2026-05-22,743.7239990234375,O:SPY260618C00820000,820.0,2026-06-18,27,0.0739219712525667,1.102559553109377,1.1,30,call,0.06,187
2026-05-22,743.7239990234375,O:SPY260717C00781000,781.0,2026-07-17,56,0.1533196440793976,1.0501207450956385,1.05,60,call,4.29,182
2026-05-22,743.7239990234375,O:SPY260618P00630000,630.0,2026-06-18,27,0.0739219712525667,0.8470884371450091,0.85,30,put,0.46,1258
2026-05-22,743.7239990234375,O:SPY260717P00744000,744.0,2026-07-17,56,0.1533196440793976,1.0003711067236298,1.0,60,put,15.86,91
2026-05-22,743.7239990234375,O:SPY260717P00707000,707.0,2026-07-17,56,0.1533196440793976,0.9506214683516214,0.95,60,put,6.25,90
2026-05-22,743.7239990234375,O:SPY260717P00670000,670.0,2026-07-17,56,0.1533196440793976,0.9008718299796128,0.9,60,put,3.14,2038
2026-05-22,743.7239990234375,O:SPY260717C00670000,670.0,2026-07-17,56,0.1533196440793976,0.9008718299796128,0.9,60,call,82.02,1245
2026-05-22,743.7239990234375,O:SPY260717C00820000,820.0,2026-07-17,56,0.1533196440793976,1.102559553109377,1.1,60,call,0.45,35
2026-05-22,743.7239990234375,O:SPY260717P00630000,630.0,2026-07-17,56,0.1533196440793976,0.8470884371450091,0.85,60,put,1.69,749
2026-05-26,748.6613159179688,O:SPY260626P00711000,711.0,2026-06-26,31,0.0848733744010951,0.9496951223240506,0.95,30,put,3.35,72
2026-05-26,748.6613159179688,O:SPY260626C00749000,749.0,2026-06-26,31,0.0848733744010951,1.0004523862457295,1.0,30,call,13.74,299
2026-05-26,748.6613159179688,O:SPY260626P00749000,749.0,2026-06-26,31,0.0848733744010951,1.0004523862457295,1.0,30,put,11.51,203
2026-05-26,748.6613159179688,O:SPY260626C00860000,860.0,2026-06-26,31,0.0848733744010951,1.148717025595898,1.15,30,call,0.03,1007
2026-05-26,748.6613159179688,O:SPY260626P00675000,675.0,2026-06-26,31,0.0848733744010951,0.9016092933456176,0.9,30,put,1.22,239
2026-05-26,748.6613159179688,O:SPY261120C00785000,785.0,2026-11-20,178,0.487337440109514,1.048538215224163,1.05,180,call,22.18,36
2026-05-26,748.6613159179688,O:SPY261120P00710000,710.0,2026-11-20,178,0.487337440109514,0.9483594048524274,0.95,180,put,19.65,33
2026-05-26,748.6613159179688,O:SPY261120P00750000,750.0,2026-11-20,178,0.487337440109514,1.0017881037173528,1.0,180,put,30.75,104
2026-05-26,748.6613159179688,O:SPY260821P00749000,749.0,2026-08-21,87,0.2381930184804928,1.0004523862457295,1.0,90,put,19.91,51
2026-05-26,748.6613159179688,O:SPY260821C00749000,749.0,2026-08-21,87,0.2381930184804928,1.0004523862457295,1.0,90,call,25.45,29
2026-05-26,748.6613159179688,O:SPY260821P00635000,635.0,2026-08-21,87,0.2381930184804928,0.8481805944806922,0.85,90,put,3.34,330
2026-05-26,748.6613159179688,O:SPY260821C00825000,825.0,2026-08-21,87,0.2381930184804928,1.1019669140890882,1.1,90,call,2.08,977
2026-05-26,748.6613159179688,O:SPY260731P00711000,711.0,2026-07-31,66,0.1806981519507187,0.9496951223240506,0.95,60,put,7.96,133
2026-05-26,748.6613159179688,O:SPY260731C00749000,749.0,2026-07-31,66,0.1806981519507187,1.0004523862457295,1.0,60,call,22.0,1320
2026-05-26,748.6613159179688,O:SPY260731P00749000,749.0,2026-07-31,66,0.1806981519507187,1.0004523862457295,1.0,60,put,17.33,381
2026-05-26,748.6613159179688,O:SPY260731C00825000,825.0,2026-07-31,66,0.1806981519507187,1.1019669140890882,1.1,60,call,0.96,496
2026-05-27,748.5316162109375,O:SPY260626C00786000,786.0,2026-06-26,30,0.082135523613963,1.0500558466437626,1.05,30,call,1.18,246
2026-05-27,748.5316162109375,O:SPY260626P00749000,749.0,2026-06-26,30,0.082135523613963,1.0006257368144762,1.0,30,put,10.66,392
2026-05-27,748.5316162109375,O:SPY260626C00749000,749.0,2026-06-26,30,0.082135523613963,1.0006257368144762,1.0,30,call,13.26,463
2026-05-27,748.5316162109375,O:SPY260626P00675000,675.0,2026-06-26,30,0.082135523613963,0.901765517155903,0.9,30,put,1.04,109
2026-05-27,748.5316162109375,O:SPY260626C00825000,825.0,2026-06-26,30,0.082135523613963,1.1021578543016592,1.1,30,call,0.09,426
2026-05-27,748.5316162109375,O:SPY261120P00675000,675.0,2026-11-20,177,0.4845995893223819,0.901765517155903,0.9,180,put,13.32,48
2026-05-27,748.5316162109375,O:SPY261120P00750000,750.0,2026-11-20,177,0.4845995893223819,1.0019616857287812,1.0,180,put,30.48,35
2026-05-27,748.5316162109375,O:SPY261120C00750000,750.0,2026-11-20,177,0.4845995893223819,1.0019616857287812,1.0,180,call,41.59,29
2026-05-27,748.5316162109375,O:SPY260821C00786000,786.0,2026-08-21,86,0.2354551676933607,1.0500558466437626,1.05,90,call,8.83,95
2026-05-27,748.5316162109375,O:SPY260821C00749000,749.0,2026-08-21,86,0.2354551676933607,1.0006257368144762,1.0,90,call,26.25,32
2026-05-27,748.5316162109375,O:SPY260821P00749000,749.0,2026-08-21,86,0.2354551676933607,1.0006257368144762,1.0,90,put,19.46,39
2026-05-27,748.5316162109375,O:SPY260821C00825000,825.0,2026-08-21,86,0.2354551676933607,1.1021578543016592,1.1,90,call,1.89,10125
2026-05-27,748.5316162109375,O:SPY260731P00636000,636.0,2026-07-31,65,0.1779603011635865,0.8496635094980064,0.85,60,put,2.07,210
2026-05-27,748.5316162109375,O:SPY260731P00749000,749.0,2026-07-31,65,0.1779603011635865,1.0006257368144762,1.0,60,put,16.65,60
2026-05-27,748.5316162109375,O:SPY260731C00749000,749.0,2026-07-31,65,0.1779603011635865,1.0006257368144762,1.0,60,call,21.78,193
2026-05-27,748.5316162109375,O:SPY260731C00825000,825.0,2026-07-31,65,0.1779603011635865,1.1021578543016592,1.1,60,call,0.84,355
2026-05-28,752.6609497070312,O:SPY260626P00715000,715.0,2026-06-26,29,0.0793976728268309,0.9499629285647267,0.95,30,put,2.35,481
2026-05-28,752.6609497070312,O:SPY260626C00790000,790.0,2026-06-26,29,0.0793976728268309,1.049609389602985,1.05,30,call,1.04,285
2026-05-28,752.6609497070312,O:SPY260626P00753000,753.0,2026-06-26,29,0.0793976728268309,1.000450468824111,1.0,30,put,9.78,559
2026-05-28,752.6609497070312,O:SPY260626C00753000,753.0,2026-06-26,29,0.0793976728268309,1.000450468824111,1.0,30,call,13.06,330
2026-05-28,752.6609497070312,O:SPY260626C00830000,830.0,2026-06-26,29,0.0793976728268309,1.1027541688233893,1.1,30,call,0.07,102
2026-05-28,752.6609497070312,O:SPY260626P00675000,675.0,2026-06-26,29,0.0793976728268309,0.8968181493443226,0.9,30,put,0.81,73
2026-05-28,752.6609497070312,O:SPY260731P00715000,715.0,2026-07-31,64,0.1752224503764544,0.9499629285647267,0.95,60,put,6.75,85
2026-05-28,752.6609497070312,O:SPY260731C00790000,790.0,2026-07-31,64,0.1752224503764544,1.049609389602985,1.05,60,call,5.6,106
2026-05-28,752.6609497070312,O:SPY260731P00753000,753.0,2026-07-31,64,0.1752224503764544,1.000450468824111,1.0,60,put,16.02,160
2026-05-28,752.6609497070312,O:SPY261120C00830000,830.0,2026-11-20,176,0.4818617385352498,1.1027541688233893,1.1,180,call,9.25,27
2026-05-28,752.6609497070312,O:SPY260731C00830000,830.0,2026-07-31,64,0.1752224503764544,1.1027541688233893,1.1,60,call,0.76,116
2026-05-28,752.6609497070312,O:SPY260821P00715000,715.0,2026-08-21,85,0.2327173169062286,0.9499629285647267,0.95,90,put,9.13,4390
2026-05-28,752.6609497070312,O:SPY260821C00715000,715.0,2026-08-21,85,0.2327173169062286,0.9499629285647267,0.95,90,call,53.93,44
2026-05-28,752.6609497070312,O:SPY260821P00640000,640.0,2026-08-21,85,0.2327173169062286,0.8503164675264688,0.85,90,put,2.98,874
2026-05-28,752.6609497070312,O:SPY260831C00640000,640.0,2026-08-31,95,0.2600958247775496,0.8503164675264688,0.85,90,call,123.38,337
2026-05-28,752.6609497070312,O:SPY261120P00755000,755.0,2026-11-20,176,0.4818617385352498,1.0031077077851311,1.0,180,put,30.07,163
2026-05-28,752.6609497070312,O:SPY260831P00753000,753.0,2026-08-31,95,0.2600958247775496,1.000450468824111,1.0,90,put,20.1,39
2026-05-28,752.6609497070312,O:SPY260821C00830000,830.0,2026-08-21,85,0.2327173169062286,1.1027541688233893,1.1,90,call,1.84,1000
2026-05-28,752.6609497070312,O:SPY260717C00865000,865.0,2026-07-17,50,0.136892539356605,1.149255850641243,1.15,60,call,0.08,40
2026-05-29,754.5361328125,O:SPY260630C00830000,830.0,2026-06-30,32,0.0876112251882272,1.1000135896821956,1.1,30,call,0.06,35
2026-05-29,754.5361328125,O:SPY260630P00679000,679.0,2026-06-30,32,0.0876112251882272,0.8998906354147118,0.9,30,put,0.94,48
2026-05-29,754.5361328125,O:SPY260630P00717000,717.0,2026-06-30,32,0.0876112251882272,0.9502527033760654,0.95,30,put,2.67,528
2026-05-29,754.5361328125,O:SPY260626C00792000,792.0,2026-06-26,28,0.0766598220396988,1.049651521720842,1.05,30,call,0.65,301
2026-05-29,754.5361328125,O:SPY260630C00755000,755.0,2026-06-30,32,0.0876112251882272,1.000614771337419,1.0,30,call,12.55,1704
2026-05-29,754.5361328125,O:SPY260626P00755000,755.0,2026-06-26,28,0.0766598220396988,1.000614771337419,1.0,30,put,9.76,530
2026-05-29,754.5361328125,O:SPY260731C00830000,830.0,2026-07-31,63,0.1724845995893223,1.1000135896821956,1.1,60,call,0.56,592
2026-05-29,754.5361328125,O:SPY260731P00717000,717.0,2026-07-31,63,0.1724845995893223,0.9502527033760654,0.95,60,put,6.71,39
2026-05-29,754.5361328125,O:SPY260731P00755000,755.0,2026-07-31,63,0.1724845995893223,1.000614771337419,1.0,60,put,15.65,450
2026-05-29,754.5361328125,O:SPY260731C00755000,755.0,2026-07-31,63,0.1724845995893223,1.000614771337419,1.0,60,call,20.31,610
2026-06-01,756.5908203125,O:SPY260731C00719000,719.0,2026-07-31,60,0.164271047227926,0.9503155215431062,0.95,60,call,48.25,56
2026-06-01,756.5908203125,O:SPY260731P00757000,757.0,2026-07-31,60,0.164271047227926,1.00054082031729,1.0,60,put,16.0,276
2026-06-01,756.5908203125,O:SPY260731C00757000,757.0,2026-07-31,60,0.164271047227926,1.00054082031729,1.0,60,call,20.27,554
2026-06-01,756.5908203125,O:SPY260630P00681000,681.0,2026-06-30,29,0.0793976728268309,0.9000902227689226,0.9,30,put,0.96,27
2026-06-01,756.5908203125,O:SPY260731C00830000,830.0,2026-07-31,60,0.164271047227926,1.0970262626992742,1.1,60,call,0.6,51
2026-06-01,756.5908203125,O:SPY260831P00719000,719.0,2026-08-31,91,0.2491444216290212,0.9503155215431062,0.95,90,put,10.18,134
2026-06-01,756.5908203125,O:SPY260630P00757000,757.0,2026-06-30,29,0.0793976728268309,1.00054082031729,1.0,30,put,10.25,1635
2026-06-01,756.5908203125,O:SPY260630C00757000,757.0,2026-06-30,29,0.0793976728268309,1.00054082031729,1.0,30,call,12.11,361
2026-06-01,756.5908203125,O:SPY260831P00757000,757.0,2026-08-31,91,0.2491444216290212,1.00054082031729,1.0,90,put,19.81,48
2026-06-01,756.5908203125,O:SPY260630C00794000,794.0,2026-06-30,29,0.0793976728268309,1.049444400702679,1.05,30,call,0.75,313
2026-06-02,757.6182250976562,O:SPY260831C00644000,644.0,2026-08-31,90,0.2464065708418891,0.8500323496270025,0.85,90,call,123.89,126
2026-06-02,757.6182250976562,O:SPY260702P00720000,720.0,2026-07-02,30,0.082135523613963,0.9503467262910588,0.95,30,put,2.79,586
2026-06-02,757.6182250976562,O:SPY260831P00720000,720.0,2026-08-31,90,0.2464065708418891,0.9503467262910588,0.95,90,put,10.3,93
2026-06-02,757.6182250976562,O:SPY260702P00758000,758.0,2026-07-02,30,0.082135523613963,1.0005039146230867,1.0,30,put,10.3,750
2026-06-02,757.6182250976562,O:SPY260702C00758000,758.0,2026-07-02,30,0.082135523613963,1.0005039146230867,1.0,30,call,12.82,775
2026-06-02,757.6182250976562,O:SPY260702C00795000,795.0,2026-07-02,30,0.082135523613963,1.0493411769463772,1.05,30,call,0.79,55
2026-06-02,757.6182250976562,O:SPY260731C00720000,720.0,2026-07-31,59,0.1615331964407939,0.9503467262910588,0.95,60,call,49.32,29
2026-06-02,757.6182250976562,O:SPY260731P00720000,720.0,2026-07-31,59,0.1615331964407939,0.9503467262910588,0.95,60,put,6.64,257
2026-06-02,757.6182250976562,O:SPY260731P00758000,758.0,2026-07-31,59,0.1615331964407939,1.0005039146230867,1.0,60,put,15.75,91
2026-06-02,757.6182250976562,O:SPY260731C00758000,758.0,2026-07-31,59,0.1615331964407939,1.0005039146230867,1.0,60,call,20.05,75
2026-06-02,757.6182250976562,O:SPY261130P00758000,758.0,2026-11-30,181,0.4955509924709103,1.0005039146230867,1.0,180,put,31.11,62
2026-06-03,752.3018798828125,O:SPY260702C00790000,790.0,2026-07-02,29,0.0793976728268309,1.0501103627749273,1.05,30,call,0.74,48
2026-06-03,752.3018798828125,O:SPY260702P00752000,752.0,2026-07-02,29,0.0793976728268309,0.9995987250718296,1.0,30,put,9.91,140
2026-06-03,752.3018798828125,O:SPY260702P00715000,715.0,2026-07-02,29,0.0793976728268309,0.9504163409924976,0.95,30,put,2.75,613
2026-06-03,752.3018798828125,O:SPY260702P00675000,675.0,2026-07-02,29,0.0793976728268309,0.8972461960418683,0.9,30,put,0.92,166
2026-06-03,752.3018798828125,O:SPY260731C00790000,790.0,2026-07-31,58,0.1587953456536618,1.0501103627749273,1.05,60,call,4.31,81
2026-06-03,752.3018798828125,O:SPY260731C00752000,752.0,2026-07-31,58,0.1587953456536618,0.9995987250718296,1.0,60,call,21.1,34
2026-06-03,752.3018798828125,O:SPY260731P00752000,752.0,2026-07-31,58,0.1587953456536618,0.9995987250718296,1.0,60,put,15.2,87
2026-06-03,752.3018798828125,O:SPY260731P00715000,715.0,2026-07-31,58,0.1587953456536618,0.9504163409924976,0.95,60,put,6.76,194
2026-06-03,752.3018798828125,O:SPY260731C00830000,830.0,2026-07-31,58,0.1587953456536618,1.1032805077255563,1.1,60,call,0.36,39
2026-06-04,755.1445922851562,O:SPY260702P00755000,755.0,2026-07-02,28,0.0766598220396988,0.9998085237097194,1.0,30,put,9.85,551
2026-06-04,755.1445922851562,O:SPY260831P00755000,755.0,2026-08-31,88,0.2409308692676249,0.9998085237097194,1.0,90,put,18.94,188
2026-06-04,755.1445922851562,O:SPY260702C00755000,755.0,2026-07-02,28,0.0766598220396988,0.9998085237097194,1.0,30,call,12.13,955
2026-06-04,755.1445922851562,O:SPY260702P00680000,680.0,2026-07-02,28,0.0766598220396988,0.9004897961888864,0.9,30,put,0.79,62
2026-06-04,755.1445922851562,O:SPY260831P00717000,717.0,2026-08-31,88,0.2409308692676249,0.949487035099164,0.95,90,put,9.69,51
2026-06-04,755.1445922851562,O:SPY260831C00830000,830.0,2026-08-31,88,0.2409308692676249,1.0991272512305523,1.1,90,call,1.88,62
2026-06-04,755.1445922851562,O:SPY260702C00830000,830.0,2026-07-02,28,0.0766598220396988,1.0991272512305523,1.1,30,call,0.03,120
2026-06-04,755.1445922851562,O:SPY260731C00793000,793.0,2026-07-31,57,0.1560574948665297,1.0501300123202748,1.05,60,call,3.57,84
2026-06-04,755.1445922851562,O:SPY260731C00755000,755.0,2026-07-31,57,0.1560574948665297,0.9998085237097194,1.0,60,call,19.77,201
2026-06-04,755.1445922851562,O:SPY260731P00755000,755.0,2026-07-31,57,0.1560574948665297,0.9998085237097194,1.0,60,put,14.98,179
2026-06-04,755.1445922851562,O:SPY260731P00680000,680.0,2026-07-31,57,0.1560574948665297,0.9004897961888864,0.9,60,put,2.9,3165
2026-06-04,755.1445922851562,O:SPY260731C00830000,830.0,2026-07-31,57,0.1560574948665297,1.0991272512305523,1.1,60,call,0.43,166
2026-06-05,735.65478515625,O:SPY261130P00660000,660.0,2026-11-30,178,0.487337440109514,0.8971599360423093,0.9,180,put,14.0,36
2026-06-05,735.65478515625,O:SPY260831P00625000,625.0,2026-08-31,87,0.2381930184804928,0.8495832727673382,0.85,90,put,4.08,38
2026-06-05,735.65478515625,O:SPY260702P00736000,736.0,2026-07-02,27,0.0739219712525667,1.0004692620108175,1.0,30,put,12.42,186
2026-06-05,735.65478515625,O:SPY260702C00736000,736.0,2026-07-02,27,0.0739219712525667,1.0004692620108175,1.0,30,call,12.95,34
2026-06-05,735.65478515625,O:SPY260702C00772000,772.0,2026-07-02,27,0.0739219712525667,1.0494052585222162,1.05,30,call,0.83,38
2026-06-05,735.65478515625,O:SPY260831C00810000,810.0,2026-08-31,87,0.2381930184804928,1.1010599215064705,1.1,90,call,1.95,493
2026-06-05,735.65478515625,O:SPY260702C00810000,810.0,2026-07-02,27,0.0739219712525667,1.1010599215064705,1.1,30,call,0.04,77
2026-06-05,735.65478515625,O:SPY260702C00700000,700.0,2026-07-02,27,0.0739219712525667,0.9515332654994187,0.95,30,call,42.18,42
2026-06-05,735.65478515625,O:SPY260702P00700000,700.0,2026-07-02,27,0.0739219712525667,0.9515332654994187,0.95,30,put,5.27,669
2026-06-05,735.65478515625,O:SPY260702P00660000,660.0,2026-07-02,27,0.0739219712525667,0.8971599360423093,0.9,30,put,2.18,412
2026-06-05,735.65478515625,O:SPY260731P00736000,736.0,2026-07-31,56,0.1533196440793976,1.0004692620108175,1.0,60,put,18.11,42
2026-06-05,735.65478515625,O:SPY260731C00736000,736.0,2026-07-31,56,0.1533196440793976,1.0004692620108175,1.0,60,call,19.98,28
2026-06-05,735.65478515625,O:SPY260731C00810000,810.0,2026-07-31,56,0.1533196440793976,1.1010599215064705,1.1,60,call,0.47,251
2026-06-05,735.65478515625,O:SPY260731C00840000,840.0,2026-07-31,56,0.1533196440793976,1.141839918599303,1.15,60,call,0.08,114
2026-06-08,737.3204345703125,O:SPY260710P00737500,737.5,2026-07-10,32,0.0876112251882272,1.00024353784497,1.0,30,put,12.36,59
2026-06-08,737.3204345703125,O:SPY260710C00774000,774.0,2026-07-10,32,0.0876112251882272,1.0497471163281449,1.05,30,call,1.78,104
2026-06-08,737.3204345703125,O:SPY260710P00700000,700.0,2026-07-10,32,0.0876112251882272,0.9493836969375984,0.95,30,put,4.16,651
2026-06-08,737.3204345703125,O:SPY260710C00810000,810.0,2026-07-10,32,0.0876112251882272,1.0985725635992212,1.1,30,call,0.09,32
2026-06-08,737.3204345703125,O:SPY260710P00665000,665.0,2026-07-10,32,0.0876112251882272,0.9019145120907186,0.9,30,put,1.78,28
2026-06-08,737.3204345703125,O:SPY261130P00625000,625.0,2026-11-30,175,0.4791238877481177,0.8476640151228558,0.85,180,put,8.75,65
2026-06-08,737.3204345703125,O:SPY260831P00700000,700.0,2026-08-31,84,0.2299794661190965,0.9493836969375984,0.95,90,put,10.41,159
2026-06-08,737.3204345703125,O:SPY260831C00700000,700.0,2026-08-31,84,0.2299794661190965,0.9493836969375984,0.95,90,call,54.75,62
2026-06-08,737.3204345703125,O:SPY260831C00850000,850.0,2026-08-31,84,0.2299794661190965,1.152823060567084,1.15,90,call,0.33,111
2026-06-08,737.3204345703125,O:SPY260731C00774000,774.0,2026-07-31,53,0.1451060917180013,1.0497471163281449,1.05,60,call,4.19,41
2026-06-08,737.3204345703125,O:SPY260731P00737000,737.0,2026-07-31,53,0.1451060917180013,0.9995654066328716,1.0,60,put,15.62,54
2026-06-08,737.3204345703125,O:SPY260731P00700000,700.0,2026-07-31,53,0.1451060917180013,0.9493836969375984,0.95,60,put,7.0,415
2026-06-08,737.3204345703125,O:SPY260731C00700000,700.0,2026-07-31,53,0.1451060917180013,0.9493836969375984,0.95,60,call,49.38,34
2026-06-08,737.3204345703125,O:SPY260731C00810000,810.0,2026-07-31,53,0.1451060917180013,1.0985725635992212,1.1,60,call,0.5,87
2026-06-09,735.1560668945312,O:SPY260710C00772000,772.0,2026-07-10,31,0.0848733744010951,1.0501171584709978,1.05,30,call,1.23,116
2026-06-09,735.1560668945312,O:SPY260710P00735000,735.0,2026-07-10,31,0.0848733744010951,0.9997877091660408,1.0,30,put,13.0,1281
2026-06-09,735.1560668945312,O:SPY260710C00735000,735.0,2026-07-10,31,0.0848733744010951,0.9997877091660408,1.0,30,call,16.0,515
2026-06-09,735.1560668945312,O:SPY260710C00700000,700.0,2026-07-10,31,0.0848733744010951,0.9521787706343244,0.95,30,call,42.91,47
2026-06-09,735.1560668945312,O:SPY260710P00700000,700.0,2026-07-10,31,0.0848733744010951,0.9521787706343244,0.95,30,put,4.78,1840
2026-06-09,735.1560668945312,O:SPY260710P00660000,660.0,2026-07-10,31,0.0848733744010951,0.8977685551695059,0.9,30,put,1.71,1783
2026-06-09,735.1560668945312,O:SPY260831C00772000,772.0,2026-08-31,83,0.2272416153319644,1.0501171584709978,1.05,90,call,8.21,48
2026-06-09,735.1560668945312,O:SPY260831C00735000,735.0,2026-08-31,83,0.2272416153319644,0.9997877091660408,1.0,90,call,25.12,79
2026-06-09,735.1560668945312,O:SPY260831P00735000,735.0,2026-08-31,83,0.2272416153319644,0.9997877091660408,1.0,90,put,20.5,127
2026-06-09,735.1560668945312,O:SPY260831C00810000,810.0,2026-08-31,83,0.2272416153319644,1.1018068631625757,1.1,90,call,1.79,70
2026-06-09,735.1560668945312,O:SPY260731C00772000,772.0,2026-07-31,52,0.1423682409308692,1.0501171584709978,1.05,60,call,3.69,40
2026-06-09,735.1560668945312,O:SPY260731P00625000,625.0,2026-07-31,52,0.1423682409308692,0.8501596166377897,0.85,60,put,1.97,40
2026-06-09,735.1560668945312,O:SPY260731P00735000,735.0,2026-07-31,52,0.1423682409308692,0.9997877091660408,1.0,60,put,16.12,978
2026-06-09,735.1560668945312,O:SPY260731C00735000,735.0,2026-07-31,52,0.1423682409308692,0.9997877091660408,1.0,60,call,20.6,914
2026-06-09,735.1560668945312,O:SPY260731C00810000,810.0,2026-07-31,52,0.1423682409308692,1.1018068631625757,1.1,60,call,0.44,32
2026-06-09,735.1560668945312,O:SPY260731C00840000,840.0,2026-07-31,52,0.1423682409308692,1.1426145247611894,1.15,60,call,0.12,1249
2026-06-10,723.56591796875,O:SPY260710C00760000,760.0,2026-07-10,30,0.082135523613963,1.0503535077129262,1.05,30,call,2.21,636
2026-06-10,723.56591796875,O:SPY260710P00724000,724.0,2026-07-10,30,0.082135523613963,1.000599920505472,1.0,30,put,14.72,157
2026-06-10,723.56591796875,O:SPY260831C00760000,760.0,2026-08-31,82,0.2245037645448323,1.0503535077129262,1.05,90,call,10.28,458
2026-06-10,723.56591796875,O:SPY260831P00724000,724.0,2026-08-31,82,0.2245037645448323,1.000599920505472,1.0,90,put,22.07,56
2026-06-10,723.56591796875,O:SPY260731P00760000,760.0,2026-07-31,51,0.1396303901437371,1.0503535077129262,1.05,60,put,37.8,47
2026-06-10,723.56591796875,O:SPY260731C00760000,760.0,2026-07-31,51,0.1396303901437371,1.0503535077129262,1.05,60,call,5.6,837
2026-06-10,723.56591796875,O:SPY260731C00725000,725.0,2026-07-31,51,0.1396303901437371,1.0019819645945678,1.0,60,call,20.66,28
2026-06-10,723.56591796875,O:SPY260731P00725000,725.0,2026-07-31,51,0.1396303901437371,1.0019819645945678,1.0,60,put,18.46,183
2026-06-11,735.8642578125,O:SPY260710P00699000,699.0,2026-07-10,29,0.0793976728268309,0.9499034537672936,0.95,30,put,4.53,45
2026-06-11,735.8642578125,O:SPY260710C00736000,736.0,2026-07-10,29,0.0793976728268309,1.0001844663415282,1.0,30,call,15.5,189
2026-06-11,735.8642578125,O:SPY260710P00736000,736.0,2026-07-10,29,0.0793976728268309,1.0001844663415282,1.0,30,put,12.54,118
2026-06-11,735.8642578125,O:SPY260710P00662000,662.0,2026-07-10,29,0.0793976728268309,0.8996224411930593,0.9,30,put,2.27,37
2026-06-11,735.8642578125,O:SPY260710C00773000,773.0,2026-07-10,29,0.0793976728268309,1.0504654789157626,1.05,30,call,1.53,310
2026-06-11,735.8642578125,O:SPY261130C00810000,810.0,2026-11-30,172,0.4709103353867214,1.100746491489997,1.1,180,call,7.49,166
2026-06-11,735.8642578125,O:SPY260831C00736000,736.0,2026-08-31,81,0.2217659137577002,1.0001844663415282,1.0,90,call,27.87,59
2026-06-11,735.8642578125,O:SPY260918C00810000,810.0,2026-09-18,99,0.271047227926078,1.100746491489997,1.1,90,call,3.31,90
2026-06-11,735.8642578125,O:SPY260731C00736000,736.0,2026-07-31,50,0.136892539356605,1.0001844663415282,1.0,60,call,20.16,37
2026-06-11,735.8642578125,O:SPY260731P00736000,736.0,2026-07-31,50,0.136892539356605,1.0001844663415282,1.0,60,put,15.98,251
2026-06-11,735.8642578125,O:SPY260731P00662000,662.0,2026-07-31,50,0.136892539356605,0.8996224411930593,0.9,60,put,3.12,55
2026-06-11,735.8642578125,O:SPY260731C00810000,810.0,2026-07-31,50,0.136892539356605,1.100746491489997,1.1,60,call,0.55,599
2026-06-11,735.8642578125,O:SPY260731C00840000,840.0,2026-07-31,50,0.136892539356605,1.1415148800637005,1.15,60,call,0.13,861
2026-06-12,739.843994140625,O:SPY260710P00703000,703.0,2026-07-10,28,0.0766598220396988,0.9502003200236536,0.95,30,put,3.12,43
2026-06-12,739.843994140625,O:SPY260710C00740000,740.0,2026-07-10,28,0.0766598220396988,1.0002108631827933,1.0,30,call,13.71,725
2026-06-12,739.843994140625,O:SPY260710P00740000,740.0,2026-07-10,28,0.0766598220396988,1.0002108631827933,1.0,30,put,11.0,666
2026-06-12,739.843994140625,O:SPY260710C00777000,777.0,2026-07-10,28,0.0766598220396988,1.050221406341933,1.05,30,call,1.0,109
2026-06-12,739.843994140625,O:SPY260710C00850000,850.0,2026-07-10,28,0.0766598220396988,1.148890856358614,1.15,30,call,0.03,62
2026-06-12,739.843994140625,O:SPY260710P00630000,630.0,2026-07-10,28,0.0766598220396988,0.8515308700069727,0.85,30,put,0.61,35
2026-06-12,739.843994140625,O:SPY260918P00703000,703.0,2026-09-18,98,0.2683093771389459,0.9502003200236536,0.95,90,put,12.81,28
2026-06-12,739.843994140625,O:SPY260918P00740000,740.0,2026-09-18,98,0.2683093771389459,1.0002108631827933,1.0,90,put,21.55,476
2026-06-12,739.843994140625,O:SPY260918C00740000,740.0,2026-09-18,98,0.2683093771389459,1.0002108631827933,1.0,90,call,29.48,417
2026-06-12,739.843994140625,O:SPY260918C00814000,814.0,2026-09-18,98,0.2683093771389459,1.1002319495010726,1.1,90,call,2.81,50
2026-06-12,739.843994140625,O:SPY260918C00850000,850.0,2026-09-18,98,0.2683093771389459,1.148890856358614,1.15,90,call,0.65,54
2026-06-12,739.843994140625,O:SPY261218C00740000,740.0,2026-12-18,189,0.5174537987679672,1.0002108631827933,1.0,180,call,44.52,279
2026-06-12,739.843994140625,O:SPY261218C00850000,850.0,2026-12-18,189,0.5174537987679672,1.148890856358614,1.15,180,call,4.34,419
2026-06-12,739.843994140625,O:SPY261218P00665000,665.0,2026-12-18,189,0.5174537987679672,0.8988381405629156,0.9,180,put,14.68,153
2026-06-12,739.843994140625,O:SPY260821P00703000,703.0,2026-08-21,70,0.191649555099247,0.9502003200236536,0.95,60,put,8.81,90
2026-06-12,739.843994140625,O:SPY260821C00740000,740.0,2026-08-21,70,0.191649555099247,1.0002108631827933,1.0,60,call,23.8,666
2026-06-12,739.843994140625,O:SPY260821P00740000,740.0,2026-08-21,70,0.191649555099247,1.0002108631827933,1.0,60,put,17.73,1486
2026-06-12,739.843994140625,O:SPY260821C00777000,777.0,2026-08-21,70,0.191649555099247,1.050221406341933,1.05,60,call,6.41,417
2026-06-12,739.843994140625,O:SPY260821C00850000,850.0,2026-08-21,70,0.191649555099247,1.148890856358614,1.15,60,call,0.21,3162
2026-06-12,739.843994140625,O:SPY260821P00630000,630.0,2026-08-21,70,0.191649555099247,0.8515308700069727,0.85,60,put,2.63,60
2026-06-12,739.843994140625,O:SPY260821C00815000,815.0,2026-08-21,70,0.191649555099247,1.101583585802671,1.1,60,call,0.98,83
2026-06-15,752.890380859375,O:SPY260717P00640000,640.0,2026-07-17,32,0.0876112251882272,0.8500573473517911,0.85,30,put,0.62,657
2026-06-15,752.890380859375,O:SPY260717P00753000,753.0,2026-07-17,32,0.0876112251882272,1.0001455977435916,1.0,30,put,10.91,800
2026-06-15,752.890380859375,O:SPY260717C00753000,753.0,2026-07-17,32,0.0876112251882272,1.0001455977435916,1.0,30,call,12.87,749
2026-06-15,752.890380859375,O:SPY260717P00715000,715.0,2026-07-17,32,0.0876112251882272,0.9496734427445792,0.95,30,put,3.02,4091
2026-06-15,752.890380859375,O:SPY260717P00678000,678.0,2026-07-17,32,0.0876112251882272,0.9005295023508036,0.9,30,put,1.14,70
2026-06-15,752.890380859375,O:SPY260717C00791000,791.0,2026-07-17,32,0.0876112251882272,1.0506177527426042,1.05,30,call,1.06,267
2026-06-15,752.890380859375,O:SPY260717C00865000,865.0,2026-07-17,32,0.0876112251882272,1.148905633530155,1.15,30,call,0.06,143
2026-06-15,752.890380859375,O:SPY260717C00830000,830.0,2026-07-17,32,0.0876112251882272,1.102418122346854,1.1,30,call,0.1,251
2026-06-15,752.890380859375,O:SPY260918P00640000,640.0,2026-09-18,95,0.2600958247775496,0.8500573473517911,0.85,90,put,3.69,749
2026-06-15,752.890380859375,O:SPY260918C00753000,753.0,2026-09-18,95,0.2600958247775496,1.0001455977435916,1.0,90,call,27.25,46
2026-06-15,752.890380859375,O:SPY260918P00753000,753.0,2026-09-18,95,0.2600958247775496,1.0001455977435916,1.0,90,put,20.64,70
2026-06-15,752.890380859375,O:SPY260918P00715000,715.0,2026-09-18,95,0.2600958247775496,0.9496734427445792,0.95,90,put,10.53,694
2026-06-15,752.890380859375,O:SPY260918C00830000,830.0,2026-09-18,95,0.2600958247775496,1.102418122346854,1.1,90,call,2.1,41
2026-06-15,752.890380859375,O:SPY261218P00640000,640.0,2026-12-18,186,0.5092402464065708,0.8500573473517911,0.85,180,put,9.16,78
2026-06-15,752.890380859375,O:SPY261218P00715000,715.0,2026-12-18,186,0.5092402464065708,0.9496734427445792,0.95,180,put,19.85,303
2026-06-15,752.890380859375,O:SPY261218C00790000,790.0,2026-12-18,186,0.5092402464065708,1.049289538137367,1.05,180,call,23.21,81
2026-06-15,752.890380859375,O:SPY261218C00865000,865.0,2026-12-18,186,0.5092402464065708,1.148905633530155,1.15,180,call,4.32,28
2026-06-15,752.890380859375,O:SPY261218C00830000,830.0,2026-12-18,186,0.5092402464065708,1.102418122346854,1.1,180,call,9.55,2657
2026-06-15,752.890380859375,O:SPY260821P00640000,640.0,2026-08-21,67,0.1834360027378508,0.8500573473517911,0.85,60,put,2.04,229
2026-06-15,752.890380859375,O:SPY261218P00755000,755.0,2026-12-18,186,0.5092402464065708,1.002802026954066,1.0,180,put,31.31,157
2026-06-15,752.890380859375,O:SPY261218C00755000,755.0,2026-12-18,186,0.5092402464065708,1.002802026954066,1.0,180,call,41.57,92
2026-06-15,752.890380859375,O:SPY260821C00753000,753.0,2026-08-21,67,0.1834360027378508,1.0001455977435916,1.0,60,call,21.3,82
2026-06-15,752.890380859375,O:SPY260821P00753000,753.0,2026-08-21,67,0.1834360027378508,1.0001455977435916,1.0,60,put,16.46,191
2026-06-15,752.890380859375,O:SPY260821P00715000,715.0,2026-08-21,67,0.1834360027378508,0.9496734427445792,0.95,60,put,7.25,380
2026-06-15,752.890380859375,O:SPY261218P00680000,680.0,2026-12-18,186,0.5092402464065708,0.903185931561278,0.9,180,put,13.77,510
2026-06-15,752.890380859375,O:SPY261218C00680000,680.0,2026-12-18,186,0.5092402464065708,0.903185931561278,0.9,180,call,99.85,27
2026-06-15,752.890380859375,O:SPY260821C00791000,791.0,2026-08-21,67,0.1834360027378508,1.0506177527426042,1.05,60,call,5.21,39
2026-06-15,752.890380859375,O:SPY260821C00830000,830.0,2026-08-21,67,0.1834360027378508,1.102418122346854,1.1,60,call,0.79,1381
2026-06-16,748.4019775390625,O:SPY260717P00711000,711.0,2026-07-17,31,0.0848733744010951,0.9500242133752108,0.95,30,put,2.95,100
2026-06-16,748.4019775390625,O:SPY260717C00786000,786.0,2026-07-17,31,0.0848733744010951,1.050237737992849,1.05,30,call,0.85,260
2026-06-16,748.4019775390625,O:SPY260717C00748000,748.0,2026-07-17,31,0.0848733744010951,0.9994628855199122,1.0,30,call,13.8,65
2026-06-16,748.4019775390625,O:SPY260717P00748000,748.0,2026-07-17,31,0.0848733744010951,0.9994628855199122,1.0,30,put,10.23,671
2026-06-16,748.4019775390625,O:SPY260717P00674000,674.0,2026-07-17,31,0.0848733744010951,0.9005855412305092,0.9,30,put,1.21,3738
2026-06-16,748.4019775390625,O:SPY260717P00635000,635.0,2026-07-17,31,0.0848733744010951,0.8484745084293374,0.85,30,put,0.6,85
2026-06-16,748.4019775390625,O:SPY260717C00825000,825.0,2026-07-17,31,0.0848733744010951,1.102348770794021,1.1,30,call,0.08,48
2026-06-16,748.4019775390625,O:SPY260918P00748000,748.0,2026-09-18,94,0.2573579739904175,0.9994628855199122,1.0,90,put,19.98,42
2026-06-16,748.4019775390625,O:SPY261218C00860000,860.0,2026-12-18,185,0.5065023956194388,1.149115082282252,1.15,180,call,3.8,50
2026-06-16,748.4019775390625,O:SPY261218P00710000,710.0,2026-12-18,185,0.5065023956194388,0.9486880330469756,0.95,180,put,19.32,88
2026-06-16,748.4019775390625,O:SPY261218P00750000,750.0,2026-12-18,185,0.5065023956194388,1.0021352461763826,1.0,180,put,30.5,195
2026-06-16,748.4019775390625,O:SPY261218C00750000,750.0,2026-12-18,185,0.5065023956194388,1.0021352461763826,1.0,180,call,42.66,149
2026-06-16,748.4019775390625,O:SPY261218C00825000,825.0,2026-12-18,185,0.5065023956194388,1.102348770794021,1.1,180,call,9.38,5673
2026-06-16,748.4019775390625,O:SPY260821C00786000,786.0,2026-08-21,66,0.1806981519507187,1.050237737992849,1.05,60,call,5.62,223
2026-06-16,748.4019775390625,O:SPY260821P00748000,748.0,2026-08-21,66,0.1806981519507187,0.9994628855199122,1.0,60,put,15.87,60
2026-06-16,748.4019775390625,O:SPY260821P00635000,635.0,2026-08-21,66,0.1806981519507187,0.8484745084293374,0.85,60,put,1.96,234
2026-06-16,748.4019775390625,O:SPY260821C00825000,825.0,2026-08-21,66,0.1806981519507187,1.102348770794021,1.1,60,call,0.63,72
2026-06-17,739.0560302734375,O:SPY260717C00776000,776.0,2026-07-17,30,0.082135523613963,1.049988049908603,1.05,30,call,1.06,241
2026-06-17,739.0560302734375,O:SPY260717P00739000,739.0,2026-07-17,30,0.082135523613963,0.9999241867041978,1.0,30,put,11.95,684
2026-06-17,739.0560302734375,O:SPY260717C00739000,739.0,2026-07-17,30,0.082135523613963,0.9999241867041978,1.0,30,call,15.0,86
2026-06-17,739.0560302734375,O:SPY260717P00702000,702.0,2026-07-17,30,0.082135523613963,0.9498603234997928,0.95,30,put,3.85,257
2026-06-17,739.0560302734375,O:SPY260717C00665000,665.0,2026-07-17,30,0.082135523613963,0.8997964602953877,0.9,30,call,79.59,43
2026-06-17,739.0560302734375,O:SPY260717P00665000,665.0,2026-07-17,30,0.082135523613963,0.8997964602953877,0.9,30,put,1.49,712
2026-06-17,739.0560302734375,O:SPY260717C00630000,630.0,2026-07-17,30,0.082135523613963,0.8524387518587884,0.85,30,call,111.49,48
2026-06-17,739.0560302734375,O:SPY260717C00815000,815.0,2026-07-17,30,0.082135523613963,1.1027580678808135,1.1,30,call,0.07,614
2026-06-17,739.0560302734375,O:SPY260918C00776000,776.0,2026-09-18,93,0.2546201232032854,1.049988049908603,1.05,90,call,9.76,30
2026-06-17,739.0560302734375,O:SPY260918C00850000,850.0,2026-09-18,93,0.2546201232032854,1.150115776317413,1.15,90,call,0.47,210
2026-06-17,739.0560302734375,O:SPY260918P00665000,665.0,2026-09-18,93,0.2546201232032854,0.8997964602953877,0.9,90,put,6.6,61
2026-06-17,739.0560302734375,O:SPY261218C00850000,850.0,2026-12-18,184,0.5037645448323066,1.150115776317413,1.15,180,call,3.7,57
2026-06-17,739.0560302734375,O:SPY261218P00665000,665.0,2026-12-18,184,0.5037645448323066,0.8997964602953877,0.9,180,put,14.09,301
2026-06-17,739.0560302734375,O:SPY261218P00740000,740.0,2026-12-18,184,0.5037645448323066,1.0012772640881007,1.0,180,put,30.44,38
2026-06-17,739.0560302734375,O:SPY261218C00740000,740.0,2026-12-18,184,0.5037645448323066,1.0012772640881007,1.0,180,call,43.91,97
2026-06-17,739.0560302734375,O:SPY261218C00775000,775.0,2026-12-18,184,0.5037645448323066,1.0486349725247,1.05,180,call,23.27,2527
2026-06-17,739.0560302734375,O:SPY261218P00630000,630.0,2026-12-18,184,0.5037645448323066,0.8524387518587884,0.85,180,put,9.91,32
2026-06-17,739.0560302734375,O:SPY260821C00776000,776.0,2026-08-21,65,0.1779603011635865,1.049988049908603,1.05,60,call,5.44,121
2026-06-17,739.0560302734375,O:SPY260821C00739000,739.0,2026-08-21,65,0.1779603011635865,0.9999241867041978,1.0,60,call,22.72,255
2026-06-17,739.0560302734375,O:SPY260821P00739000,739.0,2026-08-21,65,0.1779603011635865,0.9999241867041978,1.0,60,put,17.46,90
2026-06-17,739.0560302734375,O:SPY261218P00700000,700.0,2026-12-18,184,0.5037645448323066,0.9471541687319872,0.95,180,put,19.85,1631
2026-06-17,739.0560302734375,O:SPY261218C00700000,700.0,2026-12-18,184,0.5037645448323066,0.9471541687319872,0.95,180,call,72.42,94
2026-06-17,739.0560302734375,O:SPY260821C00850000,850.0,2026-08-21,65,0.1779603011635865,1.150115776317413,1.15,60,call,0.13,93
2026-06-17,739.0560302734375,O:SPY260821P00702000,702.0,2026-08-21,65,0.1779603011635865,0.9498603234997928,0.95,60,put,7.14,27
2026-06-17,739.0560302734375,O:SPY260821C00665000,665.0,2026-08-21,65,0.1779603011635865,0.8997964602953877,0.9,60,call,88.58,40
2026-06-17,739.0560302734375,O:SPY260821P00665000,665.0,2026-08-21,65,0.1779603011635865,0.8997964602953877,0.9,60,put,4.34,414
2026-06-17,739.0560302734375,O:SPY260821P00630000,630.0,2026-08-21,65,0.1779603011635865,0.8524387518587884,0.85,60,put,2.5,229
2026-06-17,739.0560302734375,O:SPY260821C00815000,815.0,2026-08-21,65,0.1779603011635865,1.1027580678808135,1.1,60,call,0.61,268
2026-06-18,746.739990234375,O:SPY260717P00672000,672.0,2026-07-17,29,0.0793976728268309,0.8999116275922001,0.9,30,put,1.06,105
2026-06-18,746.739990234375,O:SPY260717C00784000,784.0,2026-07-17,29,0.0793976728268309,1.0498968988575668,1.05,30,call,0.77,81
2026-06-18,746.739990234375,O:SPY260717P00747000,747.0,2026-07-17,29,0.0793976728268309,1.0003481931716869,1.0,30,put,10.16,1753
2026-06-18,746.739990234375,O:SPY260717C00747000,747.0,2026-07-17,29,0.0793976728268309,1.0003481931716869,1.0,30,call,13.47,1469
2026-06-18,746.739990234375,O:SPY260717P00635000,635.0,2026-07-17,29,0.0793976728268309,0.85036292190632,0.85,30,put,0.53,97
2026-06-18,746.739990234375,O:SPY260717P00709000,709.0,2026-07-17,29,0.0793976728268309,0.94946033327808,0.95,30,put,2.79,259
2026-06-18,746.739990234375,O:SPY260717C00709000,709.0,2026-07-17,29,0.0793976728268309,0.94946033327808,0.95,30,call,43.97,28
2026-06-18,746.739990234375,O:SPY260717C00860000,860.0,2026-07-17,29,0.0793976728268309,1.15167261864478,1.15,30,call,0.03,38
2026-06-18,746.739990234375,O:SPY260918C00784000,784.0,2026-09-18,92,0.2518822724161533,1.0498968988575668,1.05,90,call,8.65,75
2026-06-18,746.739990234375,O:SPY260918P00747000,747.0,2026-09-18,92,0.2518822724161533,1.0003481931716869,1.0,90,put,19.79,64
2026-06-18,746.739990234375,O:SPY260918C00747000,747.0,2026-09-18,92,0.2518822724161533,1.0003481931716869,1.0,90,call,27.66,360
2026-06-18,746.739990234375,O:SPY260918P00709000,709.0,2026-09-18,92,0.2518822724161533,0.94946033327808,0.95,90,put,10.62,634
2026-06-18,746.739990234375,O:SPY260918C00860000,860.0,2026-09-18,92,0.2518822724161533,1.15167261864478,1.15,90,call,0.42,54
2026-06-18,746.739990234375,O:SPY261218P00710000,710.0,2026-12-18,183,0.5010266940451745,0.9507994874858068,0.95,180,put,19.5,38
2026-06-18,746.739990234375,O:SPY261218C00785000,785.0,2026-12-18,183,0.5010266940451745,1.051236053065293,1.05,180,call,21.6,196
2026-06-18,746.739990234375,O:SPY261218C00860000,860.0,2026-12-18,183,0.5010266940451745,1.15167261864478,1.15,180,call,3.35,123
2026-06-18,746.739990234375,O:SPY261218C00820000,820.0,2026-12-18,183,0.5010266940451745,1.0981064503357203,1.1,180,call,9.72,473
2026-06-18,746.739990234375,O:SPY261218P00745000,745.0,2026-12-18,183,0.5010266940451745,0.9976698847562336,1.0,180,put,28.8,339
2026-06-18,746.739990234375,O:SPY261218P00670000,670.0,2026-12-18,183,0.5010266940451745,0.8972333191767471,0.9,180,put,12.95,991
2026-06-18,746.739990234375,O:SPY260821P00672000,672.0,2026-08-21,64,0.1752224503764544,0.8999116275922001,0.9,60,put,3.63,165
2026-06-18,746.739990234375,O:SPY260821C00784000,784.0,2026-08-21,64,0.1752224503764544,1.0498968988575668,1.05,60,call,5.19,259
2026-06-18,746.739990234375,O:SPY260821P00747000,747.0,2026-08-21,64,0.1752224503764544,1.0003481931716869,1.0,60,put,15.96,161
2026-06-18,746.739990234375,O:SPY260821C00747000,747.0,2026-08-21,64,0.1752224503764544,1.0003481931716869,1.0,60,call,22.01,188
2026-06-18,746.739990234375,O:SPY260821P00635000,635.0,2026-08-21,64,0.1752224503764544,0.85036292190632,0.85,60,put,1.99,222
2026-06-18,746.739990234375,O:SPY260821C00820000,820.0,2026-08-21,64,0.1752224503764544,1.0981064503357203,1.1,60,call,0.65,40
2026-06-22,744.3900146484375,O:SPY260821P00670000,670.0,2026-08-21,60,0.164271047227926,0.9000658079977462,0.9,60,put,3.53,570
2026-06-22,744.3900146484375,O:SPY260821C00744000,744.0,2026-08-21,60,0.164271047227926,0.9994760614183928,1.0,60,call,21.5,69
2026-06-22,744.3900146484375,O:SPY260821P00744000,744.0,2026-08-21,60,0.164271047227926,0.9994760614183928,1.0,60,put,16.31,317
2026-06-22,744.3900146484375,O:SPY260821C00820000,820.0,2026-08-21,60,0.164271047227926,1.1015730784450029,1.1,60,call,0.44,497
2026-06-22,744.3900146484375,O:SPY261218P00670000,670.0,2026-12-18,179,0.4900752908966461,0.9000658079977462,0.9,180,put,13.22,57
2026-06-22,744.3900146484375,O:SPY260821P00635000,635.0,2026-08-21,60,0.164271047227926,0.8530474448933862,0.85,60,put,2.07,897
2026-06-22,744.3900146484375,O:SPY261218P00745000,745.0,2026-12-18,179,0.4900752908966461,1.0008194432213744,1.0,180,put,29.77,157
2026-06-22,744.3900146484375,O:SPY261218C00745000,745.0,2026-12-18,179,0.4900752908966461,1.0008194432213744,1.0,180,call,42.7,119
2026-06-22,744.3900146484375,O:SPY261218C00820000,820.0,2026-12-18,179,0.4900752908966461,1.1015730784450029,1.1,180,call,9.22,237
2026-06-22,744.3900146484375,O:SPY261218C00780000,780.0,2026-12-18,179,0.4900752908966461,1.0478378063257343,1.05,180,call,23.13,57
2026-06-22,744.3900146484375,O:SPY260918P00670000,670.0,2026-09-18,88,0.2409308692676249,0.9000658079977462,0.9,90,put,6.07,410
2026-06-22,744.3900146484375,O:SPY260724P00670000,670.0,2026-07-24,32,0.0876112251882272,0.9000658079977462,0.9,30,put,1.41,929
2026-06-22,744.3900146484375,O:SPY261218P00705000,705.0,2026-12-18,179,0.4900752908966461,0.947084171102106,0.95,180,put,19.24,30
2026-06-22,744.3900146484375,O:SPY260724C00744000,744.0,2026-07-24,32,0.0876112251882272,0.9994760614183928,1.0,30,call,15.19,930
2026-06-22,744.3900146484375,O:SPY260724P00744000,744.0,2026-07-24,32,0.0876112251882272,0.9994760614183928,1.0,30,put,11.46,293
2026-06-22,744.3900146484375,O:SPY260918P00744000,744.0,2026-09-18,88,0.2409308692676249,0.9994760614183928,1.0,90,put,20.01,42
2026-06-22,744.3900146484375,O:SPY260918C00782000,782.0,2026-09-18,88,0.2409308692676249,1.0505245699316978,1.05,90,call,8.41,174
2026-06-22,744.3900146484375,O:SPY260724C00782000,782.0,2026-07-24,32,0.0876112251882272,1.0505245699316978,1.05,30,call,1.14,82
2026-06-23,733.5800170898438,O:SPY260821P00697000,697.0,2026-08-21,59,0.16153319644079397,0.9501349324713629,0.95,60,put,8.01,42
2026-06-23,733.5800170898438,O:SPY260821P00660000,660.0,2026-08-21,59,0.16153319644079397,0.8996973535596837,0.9,60,put,4.04,279
2026-06-23,733.5800170898438,O:SPY260724P00660000,660.0,2026-07-24,31,0.08487337440109514,0.8996973535596837,0.9,30,put,1.77,169
2026-06-23,733.5800170898438,O:SPY260821C00770000,770.0,2026-08-21,59,0.16153319644079397,1.0496469124862977,1.05,60,call,5.57,1577
2026-06-23,733.5800170898438,O:SPY260724C00770000,770.0,2026-07-24,31,0.08487337440109514,1.0496469124862977,1.05,30,call,1.65,537
2026-06-23,733.5800170898438,O:SPY260821P00770000,770.0,2026-08-21,59,0.16153319644079397,1.0496469124862977,1.05,60,put,37.58,336
2026-06-23,733.5800170898438,O:SPY260724C00734000,734.0,2026-07-24,31,0.08487337440109514,1.0005725113830422,1.0,30,call,15.98,316
2026-06-23,733.5800170898438,O:SPY260821P00734000,734.0,2026-08-21,59,0.16153319644079397,1.0005725113830422,1.0,60,put,17.03,204
2026-06-23,733.5800170898438,O:SPY260724P00734000,734.0,2026-07-24,31,0.08487337440109514,1.0005725113830422,1.0,30,put,12.68,307
2026-06-23,733.5800170898438,O:SPY260821C00734000,734.0,2026-08-21,59,0.16153319644079397,1.0005725113830422,1.0,60,call,22.69,42
2026-06-23,733.5800170898438,O:SPY260821C00845000,845.0,2026-08-21,59,0.16153319644079397,1.15188524811808,1.15,60,call,0.11,30
2026-06-23,733.5800170898438,O:SPY260821P00625000,625.0,2026-08-21,59,0.16153319644079397,0.851986130264852,0.85,60,put,2.41,3960
2026-06-23,733.5800170898438,O:SPY260724P00625000,625.0,2026-07-24,31,0.08487337440109514,0.851986130264852,0.85,30,put,0.9,134
2026-06-23,733.5800170898438,O:SPY260724C00805000,805.0,2026-07-24,31,0.08487337440109514,1.0973581357811295,1.1,30,call,0.08,26
2026-06-23,733.5800170898438,O:SPY260821C00805000,805.0,2026-08-21,59,0.16153319644079397,1.0973581357811295,1.1,60,call,0.69,284
2026-06-23,733.5800170898438,O:SPY261218P00660000,660.0,2026-12-18,178,0.487337440109514,0.8996973535596837,0.9,180,put,13.74,2086
2026-06-23,733.5800170898438,O:SPY261218C00770000,770.0,2026-12-18,178,0.487337440109514,1.0496469124862977,1.05,180,call,23.1,205
2026-06-23,733.5800170898438,O:SPY261218P00735000,735.0,2026-12-18,178,0.487337440109514,1.001935689191466,1.0,180,put,30.37,66
2026-06-23,733.5800170898438,O:SPY261218C00735000,735.0,2026-12-18,178,0.487337440109514,1.001935689191466,1.0,180,call,43.52,82
2026-06-23,733.5800170898438,O:SPY261218C00625000,625.0,2026-12-18,178,0.487337440109514,0.851986130264852,0.85,180,call,132.72,52
2026-06-23,733.5800170898438,O:SPY261218P00695000,695.0,2026-12-18,178,0.487337440109514,0.9474085768545155,0.95,180,put,19.6,36
2026-06-23,733.5800170898438,O:SPY260918P00697000,697.0,2026-09-18,87,0.23819301848049282,0.9501349324713629,0.95,90,put,11.08,175
2026-06-23,733.5800170898438,O:SPY260918P00660000,660.0,2026-09-18,87,0.23819301848049282,0.8996973535596837,0.9,90,put,6.54,267
2026-06-23,733.5800170898438,O:SPY260918C00770000,770.0,2026-09-18,87,0.23819301848049282,1.0496469124862977,1.05,90,call,9.68,764
2026-06-23,733.5800170898438,O:SPY260918P00770000,770.0,2026-09-18,87,0.23819301848049282,1.0496469124862977,1.05,90,put,39.84,27
2026-06-23,733.5800170898438,O:SPY260918C00734000,734.0,2026-09-18,87,0.23819301848049282,1.0005725113830422,1.0,90,call,28.0,25
2026-06-23,733.5800170898438,O:SPY260918P00734000,734.0,2026-09-18,87,0.23819301848049282,1.0005725113830422,1.0,90,put,20.55,46
2026-06-23,733.5800170898438,O:SPY260918C00845000,845.0,2026-09-18,87,0.23819301848049282,1.15188524811808,1.15,90,call,0.35,100
2026-06-24,733.239990234375,O:SPY260724C00770000,770.0,2026-07-24,30,0.08213552361396304,1.0501336673602253,1.05,30,call,1.59,325
2026-06-24,733.239990234375,O:SPY260724C00733000,733.0,2026-07-24,30,0.08213552361396304,0.9996726989286301,1.0,30,call,17.25,309
2026-06-24,733.239990234375,O:SPY260724P00733000,733.0,2026-07-24,30,0.08213552361396304,0.9996726989286301,1.0,30,put,10.61,76
2026-06-24,733.239990234375,O:SPY260724P00697000,697.0,2026-07-24,30,0.08213552361396304,0.9505755404546455,0.95,30,put,3.63,35
2026-06-24,733.239990234375,O:SPY260724C00805000,805.0,2026-07-24,30,0.08213552361396304,1.097867015876599,1.1,30,call,0.09,50
2026-06-24,733.239990234375,O:SPY260821P00660000,660.0,2026-08-21,58,0.15879534565366188,0.9001145720230502,0.9,60,put,3.57,1268
2026-06-24,733.239990234375,O:SPY260821P00770000,770.0,2026-08-21,58,0.15879534565366188,1.0501336673602253,1.05,60,put,37.6,27
2026-06-24,733.239990234375,O:SPY260821C00770000,770.0,2026-08-21,58,0.15879534565366188,1.0501336673602253,1.05,60,call,5.81,664
2026-06-24,733.239990234375,O:SPY260821C00733000,733.0,2026-08-21,58,0.15879534565366188,0.9996726989286301,1.0,60,call,23.94,225
2026-06-24,733.239990234375,O:SPY260821P00733000,733.0,2026-08-21,58,0.15879534565366188,0.9996726989286301,1.0,60,put,15.15,214
2026-06-24,733.239990234375,O:SPY260821P00697000,697.0,2026-08-21,58,0.15879534565366188,0.9505755404546455,0.95,60,put,8.3,125
2026-06-24,733.239990234375,O:SPY260821C00805000,805.0,2026-08-21,58,0.15879534565366188,1.097867015876599,1.1,60,call,0.56,378
2026-06-24,733.239990234375,O:SPY260821P00625000,625.0,2026-08-21,58,0.15879534565366188,0.8523812235066763,0.85,60,put,2.15,1951
2026-06-24,733.239990234375,O:SPY261218P00660000,660.0,2026-12-18,177,0.48459958932238195,0.9001145720230502,0.9,180,put,12.97,10358
2026-06-24,733.239990234375,O:SPY261218C00770000,770.0,2026-12-18,177,0.48459958932238195,1.0501336673602253,1.05,180,call,23.35,145
2026-06-24,733.239990234375,O:SPY261218P00625000,625.0,2026-12-18,177,0.48459958932238195,0.8523812235066763,0.85,180,put,9.91,513
2026-06-24,733.239990234375,O:SPY261218P00735000,735.0,2026-12-18,177,0.48459958932238195,1.0024003188438515,1.0,180,put,31.33,206
2026-06-24,733.239990234375,O:SPY261218C00735000,735.0,2026-12-18,177,0.48459958932238195,1.0024003188438515,1.0,180,call,41.18,45
2026-06-24,733.239990234375,O:SPY260918P00660000,660.0,2026-09-18,86,0.23545516769336072,0.9001145720230502,0.9,90,put,6.1,172
2026-06-24,733.239990234375,O:SPY260918P00770000,770.0,2026-09-18,86,0.23545516769336072,1.0501336673602253,1.05,90,put,40.64,110
2026-06-24,733.239990234375,O:SPY260918C00770000,770.0,2026-09-18,86,0.23545516769336072,1.0501336673602253,1.05,90,call,9.9,251
2026-06-24,733.239990234375,O:SPY260918C00733000,733.0,2026-09-18,86,0.23545516769336072,0.9996726989286301,1.0,90,call,28.79,39
2026-06-24,733.239990234375,O:SPY260918P00733000,733.0,2026-09-18,86,0.23545516769336072,0.9996726989286301,1.0,90,put,21.1,60
2026-06-25,734.2999877929688,O:SPY260724C00771000,771.0,2026-07-24,29,0.07939767282683094,1.049979589836761,1.05,30,call,1.23,164
2026-06-25,734.2999877929688,O:SPY260724P00734000,734.0,2026-07-24,29,0.07939767282683094,0.9995914642544522,1.0,30,put,11.89,378
2026-06-25,734.2999877929688,O:SPY260724C00734000,734.0,2026-07-24,29,0.07939767282683094,0.9995914642544522,1.0,30,call,15.1,882
2026-06-25,734.2999877929688,O:SPY260724P00698000,698.0,2026-07-24,29,0.07939767282683094,0.9505651799040976,0.95,30,put,3.99,107
2026-06-25,734.2999877929688,O:SPY260724P00625000,625.0,2026-07-24,29,0.07939767282683094,0.8511507699714341,0.85,30,put,0.76,159
2026-06-25,734.2999877929688,O:SPY260821P00771000,771.0,2026-08-21,57,0.15605749486652978,1.049979589836761,1.05,60,put,40.05,288
2026-06-25,734.2999877929688,O:SPY260821C00771000,771.0,2026-08-21,57,0.15605749486652978,1.049979589836761,1.05,60,call,5.2,181
2026-06-25,734.2999877929688,O:SPY260821P00661000,661.0,2026-08-21,57,0.15605749486652978,0.9001770543217887,0.9,60,put,3.86,45
2026-06-25,734.2999877929688,O:SPY260821C00734000,734.0,2026-08-21,57,0.15605749486652978,0.9995914642544522,1.0,60,call,20.63,199
2026-06-25,734.2999877929688,O:SPY260821P00734000,734.0,2026-08-21,57,0.15605749486652978,0.9995914642544522,1.0,60,put,16.39,203
2026-06-25,734.2999877929688,O:SPY260821P00698000,698.0,2026-08-21,57,0.15605749486652978,0.9505651799040976,0.95,60,put,7.8,51
2026-06-25,734.2999877929688,O:SPY260821C00845000,845.0,2026-08-21,57,0.15605749486652978,1.150755841001379,1.15,60,call,0.09,56
2026-06-25,734.2999877929688,O:SPY260821P00625000,625.0,2026-08-21,57,0.15605749486652978,0.8511507699714341,0.85,60,put,2.06,47
2026-06-25,734.2999877929688,O:SPY260821C00810000,810.0,2026-08-21,57,0.15605749486652978,1.1030913978829786,1.1,60,call,0.46,290
2026-06-25,734.2999877929688,O:SPY261218C00735000,735.0,2026-12-18,176,0.48186173853524983,1.0009533054864064,1.0,180,call,41.11,33
2026-06-25,734.2999877929688,O:SPY261218P00735000,735.0,2026-12-18,176,0.48186173853524983,1.0009533054864064,1.0,180,put,30.73,170
2026-06-25,734.2999877929688,O:SPY261218P00625000,625.0,2026-12-18,176,0.48186173853524983,0.8511507699714341,0.85,180,put,9.4,126
2026-06-25,734.2999877929688,O:SPY261218P00660000,660.0,2026-12-18,176,0.48186173853524983,0.8988152130898344,0.9,180,put,13.5,115
2026-06-25,734.2999877929688,O:SPY261218C00770000,770.0,2026-12-18,176,0.48186173853524983,1.0486177486048067,1.05,180,call,21.64,41
2026-06-25,734.2999877929688,O:SPY260918C00771000,771.0,2026-09-18,85,0.2327173169062286,1.049979589836761,1.05,90,call,8.3,134
2026-06-25,734.2999877929688,O:SPY260918P00734000,734.0,2026-09-18,85,0.2327173169062286,0.9995914642544522,1.0,90,put,20.92,75
2026-06-25,734.2999877929688,O:SPY260918C00734000,734.0,2026-09-18,85,0.2327173169062286,0.9995914642544522,1.0,90,call,27.49,131
2026-06-25,734.2999877929688,O:SPY261218C00700000,700.0,2026-12-18,176,0.48186173853524983,0.9532888623680061,0.95,180,call,65.7,87
2026-06-25,734.2999877929688,O:SPY261218P00700000,700.0,2026-12-18,176,0.48186173853524983,0.9532888623680061,0.95,180,put,19.98,115
2026-06-25,734.2999877929688,O:SPY260918P00698000,698.0,2026-09-18,85,0.2327173169062286,0.9505651799040976,0.95,90,put,11.26,73
2026-06-25,734.2999877929688,O:SPY260918C00845000,845.0,2026-09-18,85,0.2327173169062286,1.150755841001379,1.15,90,call,0.29,38
2026-06-26,728.989990234375,O:SPY260724P00729000,729.0,2026-07-24,28,0.07665982203969883,1.0000137310055819,1.0,30,put,10.9,231
2026-06-26,728.989990234375,O:SPY260724C00729000,729.0,2026-07-24,28,0.07665982203969883,1.0000137310055819,1.0,30,call,15.54,91
2026-06-26,728.989990234375,O:SPY260724P00620000,620.0,2026-07-24,28,0.07665982203969883,0.850491787686503,0.85,30,put,0.62,228
2026-06-26,728.989990234375,O:SPY260724C00765000,765.0,2026-07-24,28,0.07665982203969883,1.0493971251293142,1.05,30,call,1.4,1258
2026-06-26,728.989990234375,O:SPY260724C00840000,840.0,2026-07-24,28,0.07665982203969883,1.1522791962204235,1.15,30,call,0.02,30
2026-06-26,728.989990234375,O:SPY260724C00800000,800.0,2026-07-24,28,0.07665982203969883,1.0974087583051653,1.1,30,call,0.04,258
2026-06-26,728.989990234375,O:SPY260821P00729000,729.0,2026-08-21,56,0.15331964407939766,1.0000137310055819,1.0,60,put,15.56,167
2026-06-26,728.989990234375,O:SPY260821C00729000,729.0,2026-08-21,56,0.15331964407939766,1.0000137310055819,1.0,60,call,23.84,91
2026-06-26,728.989990234375,O:SPY260821P00656000,656.0,2026-08-21,56,0.15331964407939766,0.8998751818102355,0.9,60,put,3.15,49
2026-06-26,728.989990234375,O:SPY260821P00620000,620.0,2026-08-21,56,0.15331964407939766,0.850491787686503,0.85,60,put,1.82,227
2026-06-26,728.989990234375,O:SPY260821C00765000,765.0,2026-08-21,56,0.15331964407939766,1.0493971251293142,1.05,60,call,5.33,778
2026-06-26,728.989990234375,O:SPY260821P00693000,693.0,2026-08-21,56,0.15331964407939766,0.9506303368818494,0.95,60,put,6.36,87
2026-06-26,728.989990234375,O:SPY260821P00800000,800.0,2026-08-21,56,0.15331964407939766,1.0974087583051653,1.1,60,put,67.68,45
2026-06-26,728.989990234375,O:SPY260821C00800000,800.0,2026-08-21,56,0.15331964407939766,1.0974087583051653,1.1,60,call,0.66,938
2026-06-26,728.989990234375,O:SPY261218P00765000,765.0,2026-12-18,175,0.4791238877481177,1.0493971251293142,1.05,180,put,44.77,118
2026-06-26,728.989990234375,O:SPY261218C00730000,730.0,2026-12-18,175,0.4791238877481177,1.0013854919534633,1.0,180,call,42.93,39
2026-06-26,728.989990234375,O:SPY261218P00730000,730.0,2026-12-18,175,0.4791238877481177,1.0013854919534633,1.0,180,put,28.66,269
2026-06-26,728.989990234375,O:SPY261218C00840000,840.0,2026-12-18,175,0.4791238877481177,1.1522791962204235,1.15,180,call,3.22,28
2026-06-26,728.989990234375,O:SPY261218C00800000,800.0,2026-12-18,175,0.4791238877481177,1.0974087583051653,1.1,180,call,9.64,375
2026-06-26,728.989990234375,O:SPY260918P00729000,729.0,2026-09-18,84,0.2299794661190965,1.0000137310055819,1.0,90,put,18.71,26
2026-06-26,728.989990234375,O:SPY260918P00620000,620.0,2026-09-18,84,0.2299794661190965,0.850491787686503,0.85,90,put,3.42,36
2026-06-26,728.989990234375,O:SPY260930P00693000,693.0,2026-09-30,96,0.26283367556468173,0.9506303368818494,0.95,90,put,11.49,28
2026-06-29,741.0,O:SPY260731P00741000,741.0,2026-07-31,32,0.08761122518822724,1.0,1.0,30,put,11.78,298
2026-06-29,741.0,O:SPY260731C00741000,741.0,2026-07-31,32,0.08761122518822724,1.0,1.0,30,call,14.67,827
2026-06-29,741.0,O:SPY260731P00704000,704.0,2026-07-31,32,0.08761122518822724,0.9500674763832658,0.95,30,put,3.69,59
2026-06-29,741.0,O:SPY260731C00778000,778.0,2026-07-31,32,0.08761122518822724,1.049932523616734,1.05,30,call,1.33,131
2026-06-29,741.0,O:SPY260731P00630000,630.0,2026-07-31,32,0.08761122518822724,0.8502024291497976,0.85,30,put,0.69,51
2026-06-29,741.0,O:SPY260831C00741000,741.0,2026-08-31,63,0.17248459958932238,1.0,1.0,60,call,21.5,35
2026-06-29,741.0,O:SPY260831C00778000,778.0,2026-08-31,63,0.17248459958932238,1.049932523616734,1.05,60,call,5.05,88
2026-06-29,741.0,O:SPY260731C00850000,850.0,2026-07-31,32,0.08761122518822724,1.147098515519568,1.15,30,call,0.02,51
2026-06-29,741.0,O:SPY260831P00630000,630.0,2026-08-31,63,0.17248459958932238,0.8502024291497976,0.85,60,put,1.99,106
2026-06-29,741.0,O:SPY260831C00850000,850.0,2026-08-31,63,0.17248459958932238,1.147098515519568,1.15,60,call,0.14,461
2026-06-29,741.0,O:SPY261231C00850000,850.0,2026-12-31,185,0.5065023956194388,1.147098515519568,1.15,180,call,3.51,249
2026-06-30,746.77001953125,O:SPY260731C00784000,784.0,2026-07-31,31,0.08487337440109514,1.0498546801492104,1.05,30,call,0.99,105
2026-06-30,746.77001953125,O:SPY260731C00747000,747.0,2026-07-31,31,0.08487337440109514,1.0003079669278827,1.0,30,call,13.38,564
2026-06-30,746.77001953125,O:SPY260731P00747000,747.0,2026-07-31,31,0.08487337440109514,1.0003079669278827,1.0,30,put,11.08,226
2026-06-30,746.77001953125,O:SPY260731P00635000,635.0,2026-07-31,31,0.08487337440109514,0.850328726906567,0.85,30,put,0.57,170
2026-06-30,746.77001953125,O:SPY260731P00709000,709.0,2026-07-31,31,0.08487337440109514,0.9494221533492221,0.95,30,put,3.07,116
2026-06-30,746.77001953125,O:SPY260731C00820000,820.0,2026-07-31,31,0.08487337440109514,1.0980622930132047,1.1,30,call,0.06,42
2026-06-30,746.77001953125,O:SPY260930P00747000,747.0,2026-09-30,92,0.2518822724161533,1.0003079669278827,1.0,90,put,20.0,99
2026-06-30,746.77001953125,O:SPY260831P00747000,747.0,2026-08-31,62,0.1697467488021903,1.0003079669278827,1.0,60,put,15.13,38
2026-06-30,746.77001953125,O:SPY260831C00747000,747.0,2026-08-31,62,0.1697467488021903,1.0003079669278827,1.0,60,call,20.61,29
2026-06-30,746.77001953125,O:SPY260831P00709000,709.0,2026-08-31,62,0.1697467488021903,0.9494221533492221,0.95,60,put,6.61,29
2026-06-30,746.77001953125,O:SPY260831C00860000,860.0,2026-08-31,62,0.1697467488021903,1.1516263073065318,1.15,60,call,0.11,54
2026-06-30,746.77001953125,O:SPY260831C00820000,820.0,2026-08-31,62,0.1697467488021903,1.0980622930132047,1.1,60,call,0.58,1064
2026-07-01,745.760009765625,O:SPY260731C00783000,783.0,2026-07-31,30,0.08213552361396304,1.049935622380823,1.05,30,call,0.76,199
2026-07-01,745.760009765625,O:SPY260731C00746000,746.0,2026-07-31,30,0.08213552361396304,1.0003218062529935,1.0,30,call,12.68,586
2026-07-01,745.760009765625,O:SPY260731P00746000,746.0,2026-07-31,30,0.08213552361396304,1.0003218062529935,1.0,30,put,11.1,401
2026-07-01,745.760009765625,O:SPY260731C00820000,820.0,2026-07-31,30,0.08213552361396304,1.0995494385086522,1.1,30,call,0.07,50
2026-07-01,745.760009765625,O:SPY260731P00708000,708.0,2026-07-31,30,0.08213552361396304,0.9493670761757632,0.95,30,put,2.69,34
2026-07-01,745.760009765625,O:SPY260930P00671000,671.0,2026-09-30,91,0.24914442162902123,0.8997532600479338,0.9,90,put,5.68,107
2026-07-01,745.760009765625,O:SPY260831P00671000,671.0,2026-08-31,61,0.16700889801505817,0.8997532600479338,0.9,60,put,3.16,121
2026-07-01,745.760009765625,O:SPY260831P00746000,746.0,2026-08-31,61,0.16700889801505817,1.0003218062529935,1.0,60,put,15.85,64
2026-07-01,745.760009765625,O:SPY260831C00746000,746.0,2026-08-31,61,0.16700889801505817,1.0003218062529935,1.0,60,call,21.83,37
2026-07-01,745.760009765625,O:SPY260831C00820000,820.0,2026-08-31,61,0.16700889801505817,1.0995494385086522,1.1,60,call,0.58,340
2026-07-01,745.760009765625,O:SPY260831P00708000,708.0,2026-08-31,61,0.16700889801505817,0.9493670761757632,0.95,60,put,6.2,96
2026-07-01,745.760009765625,O:SPY261231P00745000,745.0,2026-12-31,183,0.5010266940451745,0.9989808923035927,1.0,180,put,28.75,57
2026-07-01,745.760009765625,O:SPY261231C00745000,745.0,2026-12-31,183,0.5010266940451745,0.9989808923035927,1.0,180,call,42.23,101
2026-07-01,745.760009765625,O:SPY261231C00785000,785.0,2026-12-31,183,0.5010266940451745,1.0526174502796244,1.05,180,call,21.53,231
2026-07-01,745.760009765625,O:SPY261231C00860000,860.0,2026-12-31,183,0.5010266940451745,1.153185996484684,1.15,180,call,3.22,77
2026-07-02,744.780029296875,O:SPY260831P00745000,745.0,2026-08-31,60,0.16427104722792607,1.0002953498945624,1.0,60,put,15.27,461
2026-07-02,744.780029296875,O:SPY260930C00745000,745.0,2026-09-30,90,0.2464065708418891,1.0002953498945624,1.0,90,call,24.51,322
2026-07-02,744.780029296875,O:SPY260930P00745000,745.0,2026-09-30,90,0.2464065708418891,1.0002953498945624,1.0,90,put,19.75,168
2026-07-02,744.780029296875,O:SPY260831C00745000,745.0,2026-08-31,60,0.16427104722792607,1.0002953498945624,1.0,60,call,19.35,279
2026-07-02,744.780029296875,O:SPY260831P00670000,670.0,2026-08-31,60,0.16427104722792607,0.8995944757441031,0.9,60,put,3.1,242
2026-07-02,744.780029296875,O:SPY260930P00670000,670.0,2026-09-30,90,0.2464065708418891,0.8995944757441031,0.9,90,put,5.51,150
2026-07-02,744.780029296875,O:SPY260831C00820000,820.0,2026-08-31,60,0.16427104722792607,1.1009962240450217,1.1,60,call,0.32,121
2026-07-02,744.780029296875,O:SPY260831C00855000,855.0,2026-08-31,60,0.16427104722792607,1.1479899653152361,1.15,60,call,0.09,92
2026-07-02,744.780029296875,O:SPY260731C00782000,782.0,2026-07-31,29,0.07939767282683094,1.049974447808789,1.05,30,call,0.6,500
2026-07-02,744.780029296875,O:SPY260731C00745000,745.0,2026-07-31,29,0.07939767282683094,1.0002953498945624,1.0,30,call,12.21,3608
2026-07-02,744.780029296875,O:SPY260731P00745000,745.0,2026-07-31,29,0.07939767282683094,1.0002953498945624,1.0,30,put,10.72,2373
2026-07-02,744.780029296875,O:SPY260731P00670000,670.0,2026-07-31,29,0.07939767282683094,0.8995944757441031,0.9,30,put,0.93,734
2026-07-02,744.780029296875,O:SPY260731P00708000,708.0,2026-07-31,29,0.07939767282683094,0.9506162519803358,0.95,30,put,3.06,66
2026-07-02,744.780029296875,O:SPY260731C00708000,708.0,2026-07-31,29,0.07939767282683094,0.9506162519803358,0.95,30,call,41.72,104
2026-07-02,744.780029296875,O:SPY260731C00820000,820.0,2026-07-31,29,0.07939767282683094,1.1009962240450217,1.1,30,call,0.03,51
2026-07-02,744.780029296875,O:SPY261231P00745000,745.0,2026-12-31,182,0.49828884325804246,1.0002953498945624,1.0,180,put,29.2,57
2026-07-02,744.780029296875,O:SPY261231C00745000,745.0,2026-12-31,182,0.49828884325804246,1.0002953498945624,1.0,180,call,39.77,31
2026-07-02,744.780029296875,O:SPY261231P00670000,670.0,2026-12-31,182,0.49828884325804246,0.8995944757441031,0.9,180,put,13.06,67
2026-07-02,744.780029296875,O:SPY261231C00855000,855.0,2026-12-31,182,0.49828884325804246,1.1479899653152361,1.15,180,call,2.9,31
2026-07-06,751.280029296875,O:SPY260807P00751000,751.0,2026-08-07,32,0.08761122518822724,0.999627263755251,1.0,30,put,10.15,391
2026-07-06,751.280029296875,O:SPY260807C00751000,751.0,2026-08-07,32,0.08761122518822724,0.999627263755251,1.0,30,call,13.51,541
2026-07-06,751.280029296875,O:SPY260807P00714000,714.0,2026-08-07,32,0.08761122518822724,0.950377984449067,0.95,30,put,2.84,136
2026-07-06,751.280029296875,O:SPY261231C00865000,865.0,2026-12-31,178,0.487337440109514,1.151368286482413,1.15,180,call,2.8,55
2026-07-06,751.280029296875,O:SPY260807P00675000,675.0,2026-08-07,32,0.08761122518822724,0.8984665819371431,0.9,30,put,1.05,900
2026-07-06,751.280029296875,O:SPY260807C00790000,790.0,2026-08-07,32,0.08761122518822724,1.0515386662671748,1.05,30,call,0.76,142
2026-07-06,751.280029296875,O:SPY261231C00790000,790.0,2026-12-31,178,0.487337440109514,1.0515386662671748,1.05,180,call,19.72,144
2026-07-06,751.280029296875,O:SPY261231P00750000,750.0,2026-12-31,178,0.487337440109514,0.9982962021523812,1.0,180,put,28.15,55
2026-07-06,751.280029296875,O:SPY261231C00750000,750.0,2026-12-31,178,0.487337440109514,0.9982962021523812,1.0,180,call,41.75,70
2026-07-06,751.280029296875,O:SPY260831C00751000,751.0,2026-08-31,56,0.15331964407939766,0.999627263755251,1.0,60,call,19.24,55
2026-07-06,751.280029296875,O:SPY260831P00751000,751.0,2026-08-31,56,0.15331964407939766,0.999627263755251,1.0,60,put,13.85,98
2026-07-06,751.280029296875,O:SPY260930P00751000,751.0,2026-09-30,86,0.23545516769336072,0.999627263755251,1.0,90,put,18.16,73
2026-07-06,751.280029296875,O:SPY260831C00825000,825.0,2026-08-31,56,0.15331964407939766,1.0981258223676194,1.1,60,call,0.38,55
2026-07-06,751.280029296875,O:SPY260831C00860000,860.0,2026-08-31,56,0.15331964407939766,1.1447129784680639,1.15,60,call,0.09,201
2026-07-07,747.7100219726562,O:SPY260807C00785000,785.0,2026-08-07,31,0.08487337440109514,1.049872245832633,1.05,30,call,0.77,225
2026-07-07,747.7100219726562,O:SPY260807P00748000,748.0,2026-08-07,31,0.08487337440109514,1.0003878215067636,1.0,30,put,10.75,325
2026-07-07,747.7100219726562,O:SPY260807C00748000,748.0,2026-08-07,31,0.08487337440109514,1.0003878215067636,1.0,30,call,12.85,651
2026-07-07,747.7100219726562,O:SPY260807P00710000,710.0,2026-08-07,31,0.08487337440109514,0.9495659803072222,0.95,30,put,3.0,339
2026-07-07,747.7100219726562,O:SPY260807P00675000,675.0,2026-08-07,31,0.08487337440109514,0.9027563897286972,0.9,30,put,1.21,53
2026-07-07,747.7100219726562,O:SPY260807C00820000,820.0,2026-08-07,31,0.08487337440109514,1.0966818364111581,1.1,30,call,0.05,29
2026-07-07,747.7100219726562,O:SPY261231P00710000,710.0,2026-12-31,177,0.48459958932238195,0.9495659803072222,0.95,180,put,17.97,37
2026-07-07,747.7100219726562,O:SPY261231C00750000,750.0,2026-12-31,177,0.48459958932238195,1.003062655254108,1.0,180,call,38.55,43
2026-07-07,747.7100219726562,O:SPY261231P00750000,750.0,2026-12-31,177,0.48459958932238195,1.003062655254108,1.0,180,put,29.87,88
2026-07-07,747.7100219726562,O:SPY261231C00820000,820.0,2026-12-31,177,0.48459958932238195,1.0966818364111581,1.1,180,call,8.4,237
2026-07-07,747.7100219726562,O:SPY260831C00785000,785.0,2026-08-31,55,0.15058179329226556,1.049872245832633,1.05,60,call,3.13,76
2026-07-07,747.7100219726562,O:SPY260831C00748000,748.0,2026-08-31,55,0.15058179329226556,1.0003878215067636,1.0,60,call,18.52,219
2026-07-07,747.7100219726562,O:SPY260930P00748000,748.0,2026-09-30,85,0.2327173169062286,1.0003878215067636,1.0,90,put,18.67,32
2026-07-07,747.7100219726562,O:SPY260930C00748000,748.0,2026-09-30,85,0.2327173169062286,1.0003878215067636,1.0,90,call,23.63,98
2026-07-07,747.7100219726562,O:SPY260831P00748000,748.0,2026-08-31,55,0.15058179329226556,1.0003878215067636,1.0,60,put,14.3,97
2026-07-07,747.7100219726562,O:SPY260831P00710000,710.0,2026-08-31,55,0.15058179329226556,0.9495659803072222,0.95,60,put,5.72,95
2026-07-07,747.7100219726562,O:SPY260930P00710000,710.0,2026-09-30,85,0.2327173169062286,0.9495659803072222,0.95,90,put,9.4,49
2026-07-08,745.4000244140625,O:SPY260807P00708000,708.0,2026-08-07,30,0.08213552361396304,0.9498255658852955,0.95,30,put,3.17,25
2026-07-08,745.4000244140625,O:SPY260807P00745000,745.0,2026-08-07,30,0.08213552361396304,0.9994633426335383,1.0,30,put,10.9,262
2026-07-08,745.4000244140625,O:SPY260807C00745000,745.0,2026-08-07,30,0.08213552361396304,0.9994633426335383,1.0,30,call,13.24,1165
2026-07-08,745.4000244140625,O:SPY260807P00670000,670.0,2026-08-07,30,0.08213552361396304,0.8988462276033163,0.9,30,put,1.16,988
2026-07-08,745.4000244140625,O:SPY260807P00635000,635.0,2026-08-07,30,0.08213552361396304,0.8518915739225461,0.85,30,put,0.63,47
2026-07-08,745.4000244140625,O:SPY261231C00820000,820.0,2026-12-31,176,0.48186173853524983,1.1000804576637604,1.1,180,call,7.2,218
2026-07-08,745.4000244140625,O:SPY261231C00855000,855.0,2026-12-31,176,0.48186173853524983,1.1470351113445305,1.15,180,call,2.77,58
2026-07-08,745.4000244140625,O:SPY260831C00745000,745.0,2026-08-31,54,0.14784394250513347,0.9994633426335383,1.0,60,call,18.75,238
2026-07-08,745.4000244140625,O:SPY260930P00745000,745.0,2026-09-30,84,0.2299794661190965,0.9994633426335383,1.0,90,put,18.92,104
2026-07-08,745.4000244140625,O:SPY260831P00745000,745.0,2026-08-31,54,0.14784394250513347,0.9994633426335383,1.0,60,put,14.48,135
2026-07-08,745.4000244140625,O:SPY260831C00855000,855.0,2026-08-31,54,0.14784394250513347,1.1470351113445305,1.15,60,call,0.06,61
2026-07-09,751.7100219726562,O:SPY260807P00752000,752.0,2026-08-07,29,0.07939767282683094,1.0003857578306363,1.0,30,put,10.08,383
2026-07-09,751.7100219726562,O:SPY260807C00752000,752.0,2026-08-07,29,0.07939767282683094,1.0003857578306363,1.0,30,call,12.17,591
2026-07-09,751.7100219726562,O:SPY260807C00790000,790.0,2026-08-07,29,0.07939767282683094,1.0509371658061206,1.05,30,call,0.54,73
2026-07-09,751.7100219726562,O:SPY260807P00675000,675.0,2026-08-07,29,0.07939767282683094,0.8979526416697866,0.9,30,put,0.94,106
2026-07-09,751.7100219726562,O:SPY260807C00825000,825.0,2026-08-07,29,0.07939767282683094,1.0974976731519615,1.1,30,call,0.05,101
2026-07-09,751.7100219726562,O:SPY261231C00790000,790.0,2026-12-31,175,0.4791238877481177,1.0509371658061206,1.05,180,call,19.0,31
2026-07-09,751.7100219726562,O:SPY261231P00750000,750.0,2026-12-31,175,0.4791238877481177,0.997725157410874,1.0,180,put,28.14,32
2026-07-09,751.7100219726562,O:SPY261231C00750000,750.0,2026-12-31,175,0.4791238877481177,0.997725157410874,1.0,180,call,40.77,25
2026-07-09,751.7100219726562,O:SPY260831C00752000,752.0,2026-08-31,53,0.14510609171800137,1.0003857578306363,1.0,60,call,17.54,54
2026-07-09,751.7100219726562,O:SPY260831P00752000,752.0,2026-08-31,53,0.14510609171800137,1.0003857578306363,1.0,60,put,14.03,96
2026-07-10,754.9500122070312,O:SPY260807C00755000,755.0,2026-08-07,28,0.07665982203969883,1.0000662133812313,1.0,30,call,11.66,1008
2026-07-10,754.9500122070312,O:SPY260807P00755000,755.0,2026-08-07,28,0.07665982203969883,1.0000662133812313,1.0,30,put,9.36,855
2026-07-10,754.9500122070312,O:SPY260807P00717000,717.0,2026-08-07,28,0.07665982203969883,0.9497317549593944,0.95,30,put,2.26,187
2026-07-10,754.9500122070312,O:SPY260807P00680000,680.0,2026-08-07,28,0.07665982203969883,0.9007218875486586,0.9,30,put,0.76,1606
2026-07-10,754.9500122070312,O:SPY260807P00640000,640.0,2026-08-07,28,0.07665982203969883,0.8477382471046198,0.85,30,put,0.36,72
2026-07-10,754.9500122070312,O:SPY260807C00795000,795.0,2026-08-07,28,0.07665982203969883,1.05304985382527,1.05,30,call,0.36,119
2026-07-10,754.9500122070312,O:SPY260930C00755000,755.0,2026-09-30,82,0.2245037645448323,1.0000662133812313,1.0,90,call,23.18,109
2026-07-10,754.9500122070312,O:SPY260831C00755000,755.0,2026-08-31,52,0.14236824093086928,1.0000662133812313,1.0,60,call,17.37,779
2026-07-10,754.9500122070312,O:SPY260831P00755000,755.0,2026-08-31,52,0.14236824093086928,1.0000662133812313,1.0,60,put,13.42,206
2026-07-10,754.9500122070312,O:SPY260930P00755000,755.0,2026-09-30,82,0.2245037645448323,1.0000662133812313,1.0,90,put,18.07,90
2026-07-10,754.9500122070312,O:SPY260831C00830000,830.0,2026-08-31,52,0.14236824093086928,1.0994105392138038,1.1,60,call,0.22,50
2026-07-10,754.9500122070312,O:SPY261016C00830000,830.0,2026-10-16,98,0.2683093771389459,1.0994105392138038,1.1,90,call,1.8,544
2026-07-13,749.1699829101562,O:SPY260814C00749000,749.0,2026-08-14,32,0.08761122518822724,0.9997731050175076,1.0,30,call,14.08,82
2026-07-13,749.1699829101562,O:SPY260814P00749000,749.0,2026-08-14,32,0.08761122518822724,0.9997731050175076,1.0,30,put,11.47,1460
2026-07-13,749.1699829101562,O:SPY260814P00712000,712.0,2026-08-14,32,0.08761122518822724,0.9503851145159752,0.95,30,put,3.79,40
2026-07-13,749.1699829101562,O:SPY260814P00675000,675.0,2026-08-14,32,0.08761122518822724,0.9009971240144428,0.9,30,put,1.45,52
2026-07-13,749.1699829101562,O:SPY260814C00785000,785.0,2026-08-14,32,0.08761122518822724,1.0478262849649445,1.05,30,call,1.11,448
2026-07-13,749.1699829101562,O:SPY261016C00750000,750.0,2026-10-16,95,0.2600958247775496,1.001107915571603,1.0,90,call,26.0,1009
2026-07-13,749.1699829101562,O:SPY261016P00750000,750.0,2026-10-16,95,0.2600958247775496,1.001107915571603,1.0,90,put,21.11,563
2026-07-13,749.1699829101562,O:SPY261016C00825000,825.0,2026-10-16,95,0.2600958247775496,1.1012187071287634,1.1,90,call,1.65,324
2026-07-13,749.1699829101562,O:SPY261016C00785000,785.0,2026-10-16,95,0.2600958247775496,1.0478262849649445,1.05,90,call,9.1,35
2026-07-13,749.1699829101562,O:SPY261016C00710000,710.0,2026-10-16,95,0.2600958247775496,0.9477154934077843,0.95,90,call,56.38,403
2026-07-13,749.1699829101562,O:SPY261016P00710000,710.0,2026-10-16,95,0.2600958247775496,0.9477154934077843,0.95,90,put,10.85,45
2026-07-13,749.1699829101562,O:SPY270115P00675000,675.0,2027-01-15,186,0.5092402464065708,0.9009971240144428,0.9,180,put,13.9,40
2026-07-13,749.1699829101562,O:SPY270115P00750000,750.0,2027-01-15,186,0.5092402464065708,1.001107915571603,1.0,180,put,30.55,235
2026-07-13,749.1699829101562,O:SPY270115C00750000,750.0,2027-01-15,186,0.5092402464065708,1.001107915571603,1.0,180,call,42.21,295
2026-07-13,749.1699829101562,O:SPY270115C00825000,825.0,2027-01-15,186,0.5092402464065708,1.1012187071287634,1.1,180,call,8.98,261
2026-07-13,749.1699829101562,O:SPY270115C00785000,785.0,2027-01-15,186,0.5092402464065708,1.0478262849649445,1.05,180,call,22.8,2637
2026-07-13,749.1699829101562,O:SPY270115P00710000,710.0,2027-01-15,186,0.5092402464065708,0.9477154934077843,0.95,180,put,19.49,278
2026-07-13,749.1699829101562,O:SPY260918P00749000,749.0,2026-09-18,67,0.1834360027378508,0.9997731050175076,1.0,60,put,17.13,226
2026-07-13,749.1699829101562,O:SPY260918C00787000,787.0,2026-09-18,67,0.1834360027378508,1.0504959060731354,1.05,60,call,4.8,67
2026-07-15,753.4349975585938,O:SPY260814P00716000,716.0,2026-08-14,30,0.08213552361396304,0.9503142305840625,0.95,30,put,2.81,315
2026-07-15,753.4349975585938,O:SPY260814C00753000,753.0,2026-08-14,30,0.08213552361396304,0.9994226475276523,1.0,30,call,13.71,342
2026-07-15,753.4349975585938,O:SPY260814P00753000,753.0,2026-08-14,30,0.08213552361396304,0.9994226475276523,1.0,30,put,9.5,202
2026-07-15,753.4349975585938,O:SPY260814C00790000,790.0,2026-08-14,30,0.08213552361396304,1.048531064471242,1.05,30,call,0.64,353
2026-07-15,753.4349975585938,O:SPY260814C00865000,865.0,2026-08-14,30,0.08213552361396304,1.1480751528704107,1.15,30,call,0.02,1121
2026-07-15,753.4349975585938,O:SPY260814P00680000,680.0,2026-08-14,30,0.08213552361396304,0.9025330681524616,0.9,30,put,1.09,179
2026-07-15,753.4349975585938,O:SPY261016P00640000,640.0,2026-10-16,93,0.2546201232032854,0.849442887672905,0.85,90,put,3.49,52
2026-07-15,753.4349975585938,O:SPY261016P00715000,715.0,2026-10-16,93,0.2546201232032854,0.9489869760720735,0.95,90,put,10.0,126
2026-07-15,753.4349975585938,O:SPY261016C00715000,715.0,2026-10-16,93,0.2546201232032854,0.9489869760720735,0.95,90,call,53.95,294
2026-07-15,753.4349975585938,O:SPY261016C00790000,790.0,2026-10-16,93,0.2546201232032854,1.048531064471242,1.05,90,call,8.12,1301
2026-07-15,753.4349975585938,O:SPY261016C00830000,830.0,2026-10-16,93,0.2546201232032854,1.1016212449507987,1.1,90,call,1.33,1644
2026-07-15,753.4349975585938,O:SPY261016P00755000,755.0,2026-10-16,93,0.2546201232032854,1.0020771565516302,1.0,90,put,19.8,1699
2026-07-15,753.4349975585938,O:SPY261016C00755000,755.0,2026-10-16,93,0.2546201232032854,1.0020771565516302,1.0,90,call,25.59,1712
2026-07-15,753.4349975585938,O:SPY261016P00680000,680.0,2026-10-16,93,0.2546201232032854,0.9025330681524616,0.9,90,put,5.94,36
2026-07-15,753.4349975585938,O:SPY270115P00715000,715.0,2027-01-15,184,0.5037645448323066,0.9489869760720735,0.95,180,put,18.92,108
2026-07-15,753.4349975585938,O:SPY270115P00790000,790.0,2027-01-15,184,0.5037645448323066,1.048531064471242,1.05,180,put,45.83,46
2026-07-15,753.4349975585938,O:SPY270115C00790000,790.0,2027-01-15,184,0.5037645448323066,1.048531064471242,1.05,180,call,21.6,178
2026-07-15,753.4349975585938,O:SPY270115C00865000,865.0,2027-01-15,184,0.5037645448323066,1.1480751528704107,1.15,180,call,3.07,26
2026-07-15,753.4349975585938,O:SPY270115P00755000,755.0,2027-01-15,184,0.5037645448323066,1.0020771565516302,1.0,180,put,30.03,82
2026-07-15,753.4349975585938,O:SPY270115C00755000,755.0,2027-01-15,184,0.5037645448323066,1.0020771565516302,1.0,180,call,40.78,244
2026-07-15,753.4349975585938,O:SPY270115P00680000,680.0,2027-01-15,184,0.5037645448323066,0.9025330681524616,0.9,180,put,12.96,847
2026-07-15,753.4349975585938,O:SPY260918C00791000,791.0,2026-09-18,65,0.17796030116358658,1.0498583189832311,1.05,60,call,4.16,68
2026-07-15,753.4349975585938,O:SPY260918P00716000,716.0,2026-09-18,65,0.17796030116358658,0.9503142305840625,0.95,60,put,7.18,176
2026-07-15,753.4349975585938,O:SPY260918P00640000,640.0,2026-09-18,65,0.17796030116358658,0.849442887672905,0.85,60,put,2.0,582
2026-07-15,753.4349975585938,O:SPY260918P00753000,753.0,2026-09-18,65,0.17796030116358658,0.9994226475276523,1.0,60,put,15.52,142
2026-07-15,753.4349975585938,O:SPY260918C00753000,753.0,2026-09-18,65,0.17796030116358658,0.9994226475276523,1.0,60,call,21.59,88
